-- phpMyAdmin SQL Dump
-- version 4.9.2
-- https://www.phpmyadmin.net/
--
-- Servidor: 127.0.0.1:3308
-- Tiempo de generación: 13-06-2020 a las 05:14:54
-- Versión del servidor: 8.0.18
-- Versión de PHP: 7.3.12

SET SQL_MODE = "NO_AUTO_VALUE_ON_ZERO";
SET AUTOCOMMIT = 0;
START TRANSACTION;
SET time_zone = "+00:00";


/*!40101 SET @OLD_CHARACTER_SET_CLIENT=@@CHARACTER_SET_CLIENT */;
/*!40101 SET @OLD_CHARACTER_SET_RESULTS=@@CHARACTER_SET_RESULTS */;
/*!40101 SET @OLD_COLLATION_CONNECTION=@@COLLATION_CONNECTION */;
/*!40101 SET NAMES utf8mb4 */;

--
-- Base de datos: `mixfy`
--

-- --------------------------------------------------------

--
-- Estructura de tabla para la tabla `categorias`
--

DROP TABLE IF EXISTS `categorias`;
CREATE TABLE IF NOT EXISTS `categorias` (
  `id_cat` int(11) NOT NULL AUTO_INCREMENT,
  `nombrecat` varchar(45) COLLATE utf8mb4_unicode_520_ci NOT NULL,
  PRIMARY KEY (`id_cat`),
  UNIQUE KEY `nombrecat_UNIQUE` (`nombrecat`)
) ENGINE=InnoDB AUTO_INCREMENT=12 DEFAULT CHARSET=utf8mb4 COLLATE=utf8mb4_unicode_520_ci;

--
-- Volcado de datos para la tabla `categorias`
--

INSERT INTO `categorias` (`id_cat`, `nombrecat`) VALUES
(6, 'Alitas'),
(10, 'Asiática'),
(8, 'Café y té'),
(7, 'Hamburguesas'),
(11, 'Italiana'),
(3, 'Mariscos y pescados'),
(9, 'Mexicana'),
(1, 'Pizza'),
(4, 'Postres'),
(5, 'Vegetarianos');

-- --------------------------------------------------------

--
-- Estructura de tabla para la tabla `colaboradores`
--

DROP TABLE IF EXISTS `colaboradores`;
CREATE TABLE IF NOT EXISTS `colaboradores` (
  `id_col` int(11) NOT NULL AUTO_INCREMENT,
  `nombre` varchar(20) COLLATE utf8mb4_unicode_520_ci NOT NULL,
  `apellidop` varchar(10) COLLATE utf8mb4_unicode_520_ci NOT NULL,
  `apellidom` varchar(10) COLLATE utf8mb4_unicode_520_ci NOT NULL,
  `correo` varchar(45) COLLATE utf8mb4_unicode_520_ci NOT NULL,
  `telefono` varchar(14) COLLATE utf8mb4_unicode_520_ci NOT NULL,
  `contrasena` varchar(45) COLLATE utf8mb4_unicode_520_ci NOT NULL,
  PRIMARY KEY (`id_col`),
  UNIQUE KEY `telefono_UNIQUE` (`telefono`),
  UNIQUE KEY `correo_UNIQUE` (`correo`)
) ENGINE=InnoDB AUTO_INCREMENT=3 DEFAULT CHARSET=utf8mb4 COLLATE=utf8mb4_unicode_520_ci;

--
-- Volcado de datos para la tabla `colaboradores`
--

INSERT INTO `colaboradores` (`id_col`, `nombre`, `apellidop`, `apellidom`, `correo`, `telefono`, `contrasena`) VALUES
(1, 'Roberto', 'Garcia', 'Perez', 'roberto@outlook.es', '6144421880', '1234'),
(2, 'Fernanda', 'Orona', 'Rivera', 'ferorona@outlook.es', '6142554038', '1234');

-- --------------------------------------------------------

--
-- Estructura de tabla para la tabla `cupones`
--

DROP TABLE IF EXISTS `cupones`;
CREATE TABLE IF NOT EXISTS `cupones` (
  `id_cupon` int(11) NOT NULL AUTO_INCREMENT,
  `serial` varchar(45) COLLATE utf8mb4_unicode_520_ci NOT NULL,
  `imagen` varchar(50) COLLATE utf8mb4_unicode_520_ci DEFAULT NULL,
  `id_res` int(11) NOT NULL,
  `disponible` tinyint(1) NOT NULL,
  PRIMARY KEY (`id_cupon`),
  UNIQUE KEY `serial_UNIQUE` (`serial`),
  KEY `restaurante_idx` (`id_res`)
) ENGINE=InnoDB AUTO_INCREMENT=7 DEFAULT CHARSET=utf8mb4 COLLATE=utf8mb4_unicode_520_ci;

--
-- Volcado de datos para la tabla `cupones`
--

INSERT INTO `cupones` (`id_cupon`, `serial`, `imagen`, `id_res`, `disponible`) VALUES
(1, 'XY123', 'pbuf1', 1, 0),
(2, 'IKJ123', 'pbuf2', 2, 0),
(3, 'B321', 'pch1', 3, 1),
(4, 'PLE13', 'pch2', 2, 1),
(5, 'HAYZ', 'pdom1', 1, 1),
(6, 'U1QZ', 'pdom2', 3, 1);

-- --------------------------------------------------------

--
-- Estructura de tabla para la tabla `favoritorec`
--

DROP TABLE IF EXISTS `favoritorec`;
CREATE TABLE IF NOT EXISTS `favoritorec` (
  `id_favrec` int(11) NOT NULL AUTO_INCREMENT,
  `id_rec` int(11) NOT NULL,
  `id_usuario` int(11) NOT NULL,
  PRIMARY KEY (`id_favrec`),
  KEY `usuarios_idx` (`id_usuario`),
  KEY `recetas_idx` (`id_rec`)
) ENGINE=InnoDB AUTO_INCREMENT=7 DEFAULT CHARSET=utf8mb4 COLLATE=utf8mb4_unicode_520_ci;

--
-- Volcado de datos para la tabla `favoritorec`
--

INSERT INTO `favoritorec` (`id_favrec`, `id_rec`, `id_usuario`) VALUES
(2, 1, 1),
(3, 2, 1),
(4, 1, 2),
(5, 1, 3),
(6, 2, 3);

-- --------------------------------------------------------

--
-- Estructura de tabla para la tabla `ingredientes`
--

DROP TABLE IF EXISTS `ingredientes`;
CREATE TABLE IF NOT EXISTS `ingredientes` (
  `id_ingrediente` int(11) NOT NULL AUTO_INCREMENT,
  `nombreing` varchar(45) COLLATE utf8mb4_unicode_520_ci NOT NULL,
  PRIMARY KEY (`id_ingrediente`),
  UNIQUE KEY `nombreing_UNIQUE` (`nombreing`)
) ENGINE=InnoDB AUTO_INCREMENT=29 DEFAULT CHARSET=utf8mb4 COLLATE=utf8mb4_unicode_520_ci;

--
-- Volcado de datos para la tabla `ingredientes`
--

INSERT INTO `ingredientes` (`id_ingrediente`, `nombreing`) VALUES
(7, 'Aceite'),
(11, 'Arroz'),
(16, 'Atun'),
(12, 'Calabaza'),
(17, 'Camaron'),
(23, 'Carne'),
(5, 'Champiñon'),
(19, 'Chocolate'),
(3, 'Fresa'),
(28, 'Grenetina'),
(15, 'Harina'),
(18, 'Huevos'),
(1, 'Leche'),
(26, 'Lechuga'),
(10, 'Lentejas'),
(9, 'Mantequilla'),
(13, 'Manzana'),
(24, 'Pan'),
(27, 'Pasta'),
(4, 'Peperonni'),
(14, 'Pepino'),
(20, 'Pescado'),
(2, 'Platano'),
(22, 'Pollo'),
(6, 'Queso'),
(21, 'Sal'),
(25, 'Tomate'),
(8, 'Yogur');

-- --------------------------------------------------------

--
-- Estructura de tabla para la tabla `ingre_platillos`
--

DROP TABLE IF EXISTS `ingre_platillos`;
CREATE TABLE IF NOT EXISTS `ingre_platillos` (
  `idingre_platillos` int(11) NOT NULL AUTO_INCREMENT,
  `id_plat` int(11) NOT NULL,
  `id_ingrediente` int(11) NOT NULL,
  PRIMARY KEY (`idingre_platillos`),
  KEY `id_plat_idx` (`id_plat`),
  KEY `id_ingre_idx` (`id_ingrediente`)
) ENGINE=InnoDB AUTO_INCREMENT=13 DEFAULT CHARSET=utf8mb4 COLLATE=utf8mb4_unicode_520_ci;

--
-- Volcado de datos para la tabla `ingre_platillos`
--

INSERT INTO `ingre_platillos` (`idingre_platillos`, `id_plat`, `id_ingrediente`) VALUES
(1, 1, 20),
(2, 1, 15),
(3, 2, 4),
(4, 2, 5),
(5, 2, 15),
(6, 3, 22),
(7, 3, 22),
(8, 5, 17),
(9, 6, 22),
(10, 6, 24),
(11, 6, 25),
(12, 6, 26);

-- --------------------------------------------------------

--
-- Estructura de tabla para la tabla `ingre_recetas`
--

DROP TABLE IF EXISTS `ingre_recetas`;
CREATE TABLE IF NOT EXISTS `ingre_recetas` (
  `idingre_recetas` int(11) NOT NULL AUTO_INCREMENT,
  `id_rec` int(11) NOT NULL,
  `id_ingrediente` int(11) NOT NULL,
  PRIMARY KEY (`idingre_recetas`),
  KEY `receta_idx` (`id_rec`),
  KEY `id_ingrediente_idx` (`id_ingrediente`)
) ENGINE=InnoDB AUTO_INCREMENT=6 DEFAULT CHARSET=utf8mb4 COLLATE=utf8mb4_unicode_520_ci;

--
-- Volcado de datos para la tabla `ingre_recetas`
--

INSERT INTO `ingre_recetas` (`idingre_recetas`, `id_rec`, `id_ingrediente`) VALUES
(1, 1, 27),
(2, 1, 25),
(3, 2, 8),
(4, 2, 28),
(5, 2, 3);

-- --------------------------------------------------------

--
-- Estructura de tabla para la tabla `platillos`
--

DROP TABLE IF EXISTS `platillos`;
CREATE TABLE IF NOT EXISTS `platillos` (
  `id_plat` int(11) NOT NULL AUTO_INCREMENT,
  `nombre` varchar(45) COLLATE utf8mb4_unicode_520_ci NOT NULL,
  `precio` float NOT NULL,
  `imagen` varchar(50) COLLATE utf8mb4_unicode_520_ci DEFAULT NULL,
  `id_cat` int(11) NOT NULL,
  `id_res` int(11) NOT NULL,
  PRIMARY KEY (`id_plat`),
  KEY `categoria_idx` (`id_cat`),
  KEY `resplatillos_idx` (`id_res`)
) ENGINE=InnoDB AUTO_INCREMENT=7 DEFAULT CHARSET=utf8mb4 COLLATE=utf8mb4_unicode_520_ci;

--
-- Volcado de datos para la tabla `platillos`
--

INSERT INTO `platillos` (`id_plat`, `nombre`, `precio`, `imagen`, `id_cat`, `id_res`) VALUES
(1, 'Filete empanizado', 99, 'filete', 3, 3),
(2, 'Pizza grande', 80, 'pizza', 1, 1),
(3, 'Boneless', 100, 'boneless', 6, 2),
(4, 'Alitas', 100, 'alitas', 6, 2),
(5, 'Camarones', 90, 'camarones', 3, 3),
(6, 'Hamburguesa', 40, 'hambu', 7, 2);

-- --------------------------------------------------------

--
-- Estructura de tabla para la tabla `recetas`
--

DROP TABLE IF EXISTS `recetas`;
CREATE TABLE IF NOT EXISTS `recetas` (
  `id_rec` int(11) NOT NULL AUTO_INCREMENT,
  `nombrerec` varchar(45) COLLATE utf8mb4_unicode_520_ci NOT NULL,
  `descripcion` varchar(100) COLLATE utf8mb4_unicode_520_ci NOT NULL,
  `imagen` varchar(50) COLLATE utf8mb4_unicode_520_ci DEFAULT NULL,
  `timeprep` int(5) NOT NULL,
  `id_cat` int(11) NOT NULL,
  PRIMARY KEY (`id_rec`),
  KEY `categorias_idx` (`id_cat`)
) ENGINE=InnoDB AUTO_INCREMENT=3 DEFAULT CHARSET=utf8mb4 COLLATE=utf8mb4_unicode_520_ci;

--
-- Volcado de datos para la tabla `recetas`
--

INSERT INTO `recetas` (`id_rec`, `nombrerec`, `descripcion`, `imagen`, `timeprep`, `id_cat`) VALUES
(1, 'Espagueti', 'PRUEBA', 'espaguetti', 25, 11),
(2, 'Gelatina de yogurth', 'PRUEBA', 'gelatina', 10, 4);

-- --------------------------------------------------------

--
-- Estructura de tabla para la tabla `restaurantes`
--

DROP TABLE IF EXISTS `restaurantes`;
CREATE TABLE IF NOT EXISTS `restaurantes` (
  `id_res` int(11) NOT NULL AUTO_INCREMENT,
  `nombre` varchar(45) COLLATE utf8mb4_unicode_520_ci NOT NULL,
  `telefono` varchar(14) COLLATE utf8mb4_unicode_520_ci NOT NULL,
  `direccion` varchar(60) COLLATE utf8mb4_unicode_520_ci NOT NULL,
  `logo` blob,
  `id_col` int(11) NOT NULL,
  PRIMARY KEY (`id_res`),
  KEY `colaborador_idx` (`id_col`)
) ENGINE=InnoDB AUTO_INCREMENT=7 DEFAULT CHARSET=utf8mb4 COLLATE=utf8mb4_unicode_520_ci;

--
-- Volcado de datos para la tabla `restaurantes`
--

INSERT INTO `restaurantes` (`id_res`, `nombre`, `telefono`, `direccion`, `logo`, `id_col`) VALUES
(1, 'Domino\'s Fuentes Mares', '6144359093', 'Av. Carlos Pacheco Villa 1901, Nueva España I y II', 0x89504e470d0a1a0a0000000d49484452000007d0000007d00803000000ade6344b0000000467414d410000b18f0bfc6105000000017352474200aece1ce9000001fb504c544547704cdd2839df2a35007cae007faadd2233dd29380077aa007bac007aacdf2b37dd2839007aad007bacde28391f6d9f007bacde2838007aadee9ba0f8d8dbf9e1e4ed959ede2838007aac007aadde2a36de2838de2838007bad007badde2838de2838007aadde2838df2839de2838de2838007bad0079ac007aad007aac007aaddd2d3dde2838de2838de2838007dadf6c9ccde2939007badfffffffefeff0f83b2037daee44f5cfdedefef949ceaf5f96ab2cf017cad077fb02e93bcf9fcfd3295bdb9dbe98ac2d9cbe4ee98cadef6fafc55a7c973b7d21887b52c92bbdeeef585c0d8c8e3ed8bc3dafcfefe52a5c81c8ab69fcde00980b0238db99cccdfeff7fafffdfe439ec3f8fbfda5d1e26bb2cfd8ebf3bedeeb47a0c4edf6f9cce5efe2f0f671b5d193c8dd5aaacaa0cee061adcdf4f9fbc4e0ecdf2c3ba9d3e42890ba1486b43797bfe8f3f80c81b11f8cb7df303ff1f8fb4ea4c63c9ac1e034434aa2c5fefafa409dc27bbbd5b1d7e6dbedf4b4d9e8fce9ead3e8f1e23f4eed889182bfd7fef6f7f3acb2cfe6f0f9d4d765b0ce8fc6dcfafcfdf19fa6ec808ae7606ce554617ebdd6e13a4977b9d4fbe3e5ea747ee86773f7c6cbfdf2f31184b3f6c0c46eb4d1f2a5acf9d9dce4f2f7f5babffadee1e65a67add5e5e34957a2cfe1f4b3b9f8ccd0e34552e96e78d5e9f1ee8e96eb7a84459fc4f09aa1ebb2f7870000003174524e5300d61829180fc60fc6d629e7e7e9e80659adb62ef2f91df543f509566670a79881e0df31ba45332189ce96142238cf15eea98205bd000020004944415478daecdb416ae3401445d174c01ec460a8914116c8c8e551dc86bfffcdf5a0a74d93c422521ee72ce14d2efa945e5e8058c3f57c997a7fcc87e3617eecfb74395f776601809fe36d6c73fdcba18d57f300c0f6edc676acff39f5f1dd4c00b061c3b99dea03fae8fa0e001b759f3e54f3bfdfe9cded1d0036e877abcfe937a301c0b6dc7a7ddee36c3800d88e7babafe90eef00b011c3e5545f36791e07005b709beb19c7d18400b0b6dd54cf6afe4b0780755de77aded17b770058d378aa455c4c0900ab996a296db02600ac62e8b59cfdab41016005effb5ad27c3729007cbbd7472d6b7e332a007c77cf7fd5d20e8a0e003fbee78a0e00093d57740048e8b9a2034042cf151d00127aaee80090d073450780849e2b3a0024f45cd10120a1e78a0e00093d57740048e8b9a2034042cf151d00127aaee80090d073450780849e2b3a0024f45cd10120a1e78a0e00093d57740048e8b9a2034042cf151d00127aaee80090d073450780849e2b3a0024f45cd10120a1e78a0e00093d57740048e8b9a2034042cf151d00127aaee80090d073450780849e2b3a0024f45cd10120a1e78a0e00093d57740048e8b9a2034042cf151d00127aaee80090d073450780849e2b3a0024f45cd10120a1e78a0e00093d57740048e8b9a2034042cf151d00127aaee80090d073450780849e2b3a0024f45cd10120a1e78a0e00093d57740048e8b9a2034042cf151d00127aaee80090d073450780849e2b3a0024f45cd10120a1e78a0e809e27f45cd101d0f3527400d0734507003d577400d073450740cfab141d00f45cd10140cf151d00f45cd101d0f32a4507003d577400d0734507003d577400f4bc4ad10140cf151d00f45cd10140cf151d003daf527400d0734507003d577400d073450740cfab141d00f45cd10140cf151d00f45cd101d0f32a4507003d577400d0734507003d577400f4bc4ad10140cf151d00f45cd10140cf151d003d1773450740cf151d00f45cd10140cf151d00f45cd101d0734507003d577400d0734507003d577400f45cd10140cf151d00f45cd10140cf151d003d577400d0734507003d577400d073450740cf151d00f45cd10140cf151d00f45cd101d0734507003d577400d0734507003d577400f41c450740cf151d00f45cd10140cf151d003d47d101d0734507003d577400d073450740cf517400f45cd10140cf151d00f45cd101d073141d003d577400d0734507003d577400f41c450740cf151d00f45cd10140cf151d003d47d101d0734507003d577400d073450740cf517400f41c450740cf151d00f45cd101d073141d003d47d101d0734507003d577400f41c450740cf517400f45cd10140cf151d003d47d101d073141d003d577400d073450740cf517400f41c450740cf151d00f45cd101d073141d003d47d101d0734507003d577400f41c450740cf517400f45cd1151d003d577400f41c450740cf517400f41c450740cf151d003d47d101d073141d003d47d101d073450740cf517400f41c450740cf517400f45cd101d073141d003d47d101d073141d003d577400f41c450740cf517400f41c450740cf151d003d47d101d073141d003d47d101d073450740cf517400f41c450740cf517400f41c4507d073141d003d47d101d073141d003d47d101f41c450740cf517400f41c450740cf5174003d47d101d073141d003d47d101d073141d40cf517400f41c450740cf517400f41c4507d073141d003d47d101d073141d003d47d101f41c450740cf517400f41c450740cf5174003d9732141d40cf517400f41c450740cf517400f41c4507d073141d803fecddcb6a234714806108249b816c03c92221c93204863320e945fa19bcd44268252c5a68215b18eb82b0b18491c7d8f831c3244398fb786cb5545dfd7d8fd007ea47d5a56a3d47d101d073141d003d47d101f41c450740cf517400f41c450740cf5174003d47d101d073141d003d47d101d073141d40cf517400f49c1afa51d101f41c450740cf517400f41c4507d0735074003d47d101d073141d003d47d101f41c141d40cf517400f41c450740cf5174003d074507d073141d003d47d101d073141d40cf41d101f41c450740cf517400f41c4507d0735074003d47d101d073141d003d47d101f41c141d40cf517400f41c450740cf5174003d074507d0735074003d47d101d073141d40cf41d101f41c141d40cf517400f41c4507d0735074003d074507d073141d003d47d101f41c141d40cf41d101f41c450740cf5174003d074507d0735074003d47d101d073141d40cf41d101f41c141d40cf517400f41c4507d0735074003d074507d0735074003d47d101f41c141d40cf41d101f41c141d40cf5174003d074507d0735074003d074507d073141d40cf41d101f41c141d40cf41d101f41c4507d0735074003d074507d0735074003d47d101f41c141d40cf41d101f41c141d40cf5174003d074507d0735074003d074507d073507440cf41d101f41c141d40cf41d101f41c141dd073cb3f8a0ea0e7a0e8007a0e8a0ea0e7a0e8007a8ea203e839283a809e83a203e839283a809ea3e8007a0e8a0ea0e7a0e8007a0e8a0ea0e7283a809e83a203e839283a809e83a203e8f9411cbddecc4eee26a3d56271337e63b1586d2f3ac3d9e975d7d35174003d4fbfe4b777db9b41119fd71e5f3dcc5abaaee8007a9e66cb5bf7a371198f54acaf861b555774003d4f49f7f461b18c6fd61f5fdcf63c3d4507d0f314b486ab329eacb8e96c8e3c444507d0f383eeb36f26e7f16ccbd1dceebba203e8f9a16c2e06b123cbab5b4d5774003ddfbfe3ce79ecd4f262eaa92a3a809eeff514dc6c51c4ee5d0ecf3c5b4507d0f33d39eb0ca222e5a8e5f92a3a809eefc174d48f0a158bb953ef8a0ea0e7551f845b45e52e6792aee8007a5e65ce17b1176b495774003daf7bceff4bbae7ade8007a5e81e36d11fb34de78e68a0ee8b9057cc77a9332f6ab28aeae3d774507f49c5dba6fc701f41f5c1fa7e8809eb333d78b3890f3b9a7afe8809eb313dd4e3f0e677b6c028a0ee839cf375dc7412defcd40d1013de7998e3a451cda951bde151dd0739ef7f67c1c09187893aee8809ef30c276524a1b870dc5dd1013de7a9a7e1b6918cf16bf3507440cf79d276fb6524a46ddb5dd1013de7096e979194a2e3832d8a0ee839df2a81d3ed1f5af58c45d1013da7aeafcfdff950ba4b66141dd073bec1d94d246930351b4507f49c471f873b8f44958ec6293aa0e73cd2b41dc92a5c04abe8809ef3289b6524ac189a90a2037aced79d9691b63b33527440cff99a793f52f7604a8a0ee839b5ef79c4c49c141dd073beb8df5e879e47744c4ad1013de70be7e1caa80727e3141dd0733e6bbaac49cfa338312d4507f49c4f6bb5a3368a9979293aa0e77ccad979d448ffd4c4141dd0733ed61d47adb4afcd4cd1013de723575133e76786a6e8809ef38187baf53c8a9baeb1293aa0e7bc6716353432374507f49cf70eb897750c7af8f49aa2037ace3b7aeb5af63cca96d9293aa0e7d4f740dcff07e37a86a7e8809ef3d6306a6b657a8a0ee8396f5fa0f7eb1bf47007aca2037acebfba9735ee7994ee97517440cf796352e79ec7abf191112a3aa0e7bc3c2da2de7c1c5dd1013de7656f50f39e473135454507f4dc867bd49e4d774507f4bcf1a645fd831e4373547440cf9bed689c41cfa33c36494507f4bcd18639f43c5eb95e46d1013d6fb4e332f230374b4507f4bcc14699f43cd6cec5293aa0e7cdd52a7209ba1b60151dd0f3065b64d3f368fbec9aa2037ade54f3c8c883792a3aa0e70d759953d0fbfebaa6e8809e37d36d64e5c244151dd0733fd0dd2e83a2037aee077a0a2666aae8809e37d038b7a0976786aae8809e3be2eea03b8a0ee879fd2cf20bfad27fd1151dd0f3a6c9e89238d7c5293aa0e7cd35cab0e7b136574507f4bc597a658e41f7d1354507f4bc618659f63c7c175dd1013d6f96759e412f5c2ea3e8809e37c926327567b68a0ee8b923718ec5a1e8809ed74877996bd06363ba8a0ee87963ccb2ed798c4c57d1013d6f8c55be415f1e196f255efc655902f43c35bd7ebe418f53f3adc6efdf5998003db7e36ecfbdfefefeded204e8795aae720e7adb9e7b55fefcd9e204e8794aba65ce41b7e75e9d5fad4e809ea7649e75cf6362c295f9c5fa04e879422ef20efaa50957e6277f5e03f43c21ebbc83ee3ef72a0fc6798d0ee879328e23733333aece6f162940cf53719f7bd0b7665ca13f2c53809e27629b7bd007665ca11fac53809e2762907bd0e3b52157c8497740cfbd42f7123d032f9c8b03f43c09b7f907dd3fd19d8b03f43c7fffb077773b751d670086e5b4719c260e982a326e8a633b0ec676abc80b4b8094ebf03570c801e2086d04da07de20c49f10082cc48f405c66731837a48dc39e35b3be799e4be043f36aed3533eb3a7ed0fba69cd2c3d7962b40cf0b70163fe84b0bc6ec111dd0f3e8f6e2077d7ac39853fac65b7440cff33bafa0e7d357e69cd43f2d59809e67b75343d0ed8a4bebd988450bd0f3dc2e6b08fabe39a7e52c3aa0e7d99d56d0f3b7ee8a4bec81650bd0f3dcfa353ca1bf5b34e8a41eda1607e8796eb335047d7ac6a0fde60ee879688b55f47c7ac7a4d37a6ee902f43caf993a823e30e9c43eb778011ff9fb072b63bb76ea08fab54927f6a3d50bf8a8e7dfce7ad9d9ae411d413f35e9c49e58be808f7a3e3dade8ed9aab23e867269dd85deb17f071cf15bd65077504fdd8a41373700df8ef9e2b7abb4eeb08ba9b65bc44075aefb9a2b76ab78ea02f99746a3ed002fca6e78adea67e1d419f76555c6adf5bc480dff45cd15bb45549d07b469d98ab65801b7aaee8ed59ae24e8fea1527b6619036ee8b9a2b7664fd0190edf44076eeab9a20bfa706d18756affb2920137f55cd15bb25449d0dd299cdcdf2c65a0e7dfdebc042b7a1ba6059de1f8b7b50cf4fcf7d6604517f4a15937ead4dc2c037afefb8bb0a20bba27f4cef8ce6a067aaee836c5097af7b92a0ef45cd105ddb1354fe840ec9e2b7a72b3828ea003e97baee8a9d57253dc8951db140764edb9a227765c49d0378d3a35c7d640cf153da7b34a82be60d4a9b95806f45cd173daafa3e7ab269ddc671635d07345cf68ad8ea06f99746a0f2d6aa0e78a9ed3fb3a82de37e9d4ee58d540cf153da7cb3a82be6bd2a93db0ac819e2b7a4edb75047dcda4537b625d033d57f49c3ed411f439934ecdcdafa0e78a9e55af8ea05f99746a3f58d940cf153da7f977be9eca10d8e40e7aaee8996d5511f473834eecb9a50df45cd1f3daada1e74bf3066d4f1c305caf6f754c4ad187af8a83e887e69c9a9bdca1369fdd7933a7e84519d410f453734efd0a7dc4ea06d5f5fc8da297a58a736b97e69cd8f75637a8b0e78a5e96c51a827e61ce89f9183a54d973452fcbb24deedcd6579637a8b3e78a5e94a3f83d9f3565bfb803497aaee82559891ff47d534ecc1e77a8b6e78a6e579c3d7181dcb5c041bd3d57f4722cc4bffcd5c5af897d6785838a7baee8e5e847eff9bb45434eea8e150eaaeeb9a21723fc5d717d334ecb9753a1f29e2b7a2976a207fdda8c93faea1fd638a8bce78a5eca4bf425afd0f1800edca2e78a5e88e01f5c5b5d30e2946c71073d57f4525cc60eba53e869fd6091033d57f4426cc40efa8a09a7e49238d073452fc756e8436b2e724fe99bd75639d073452f46e8836b0ead25e54e19d073452f48e8db5fddfb9ad203ab1ce8b9a217643ef227544fcc379d679f5be640cf15bd2407717b7e68bae93cb4c31df45cd1fde6ee17f7ee73a50ce8b9a297e638ec1ef79ee126f3c432077aaee8a5097bb78c5b656c88035aedb9a267d68bfa51f46db34de5b96fb2809e2b7a81f663f67ccf3deea9dcd573d073452fd145cca0bf37d9543d77600df45cd18b341ff2fa57d7beea3990a1e78a9ed54ac09ebfb5254ecf811c3d57f49c16f702167ddd5cf51cc8d17345cf29e06d71becba2e740a69e2b7a46e7f14eae39b3a6e740ae9e2b7a466bd17a7e3c6fa87a0ee4eab9a27b441f9a2b33d573205fcf153d9fd3583ddff2805e6acf475e4c4e8e8ffe627c7cf2c5888513a2f65cd1b33979e7019db43d1f999c981afbf251f36b4fc75e4d8c7f61fd84803d57746fd1bd418fd8f391f189b18f53fe6bf7a6441de2f55cd173e9ad060afa857996d4f391f1c7bfc4fce7e67f1a1bd57408d67345cfe53a4ecfcf4cb3a09e8fbfbadffc218f1e8f7aa70ea17aaee8992c2e87b9c57dc3344be9f9c8e8cbe6133c9df0980e917aaee8990ca204fdd42c0be9f9c8c4d3e613dd9ffac9920a717aaee879cc1fc6e8f96acf2ccbe8f9c4fdfff7e2fcc65fdea73ca5439c9e2b7a1e1b318eaead9864113d9f7cd9fc495f8f5a57214ccf153d8f10df68397464ad849efff571730bf7262dad10a5e78a6e5f9c1d715deef9e8a3e676a66c7887283d57f42c2eba1ff40353ccdff39fc69a5b7bf917eb2b04e9b9a26771d4f94bdc170d317bcf279f3643f0c89b7488d27345cf61b3e33fbabf5b37c3ec3d9f78d40cc72b3fbb43909e2b7a0e3bdddee9fede0473f77c64aa199a3107d82048cf153d874eef743f5c30c0dc3d1f6b86e8cb17165a88d17345cf60f1b8bb3d5f32f1dc3dff62a83d6f7e7eaae810a4e78a9ec146773fbb3630bddc3dbfd70cd9d736bb43909e2b7a0657ee70a7949e37cd7d4587203d57f40cd6bc40a7949e2b3ac4e9b9a2b76fa1dfc59eef9d985cc49e2b3ac4e9b9a2b7ef7cb68327d02fcc2d66cf151de2f45cd1dbf761a97341bf34b5a83d577488d373456fdf76d7ee9771857be09e2b3ac4e9b9a2b76efeb25b3ddfb5212e72cf151de2f45cd1db77daa90dee3ec912bbe78a0e717aaee8ad5bd8ef4ccedf2ef7cc2b78cf151de2f45cd1db2ffa595782beecc05afc9e2b3ac4e9b9a2b76eb123c7d1cdb68a9e2b3ac4e9b9a2b75ff4c34e5c28b3615255f45cd1214ecf15bd759b1d28fade0773aaa4e78a0e717aaee8ed17bdeff95ccf8be9b9a2439c9e2b7afbbfba9f797faee7c5f45cd1214ecf15bdfda2efdadfaee7c5f45cd1214ecf15bd750b47e5f6fcf8dc7c2aebb9a2439c9e2b7aebe6df97daf3b34dd3a9aee78a0e717aaee8ed1b94f9a59653f7b7d7d8734587383d57f4f6edec15f8fdf33973a9b3e78a0e717aaee8ed9bd92aade7abdba6526bcf151de2f45cd1dbb758d8a75a8e0db1e29e2b3ac4e9b9a2e7f89397f422fdc8e752abeeb9a2439c9e2b7a06ebb3c5bc3e5f318dca7baee810a7e78a9e41af903b66b6dcdeaee78a0e717aaee8390c560be8f99a9fdbf55cd12152cf153d83f993ec1f6b99dd31063d577488d57345cf92f4b9a5bc97c9b81c4ecf151dc2f55cd1b338c9f8267d6bdddf5fcf151d02f65cd1f3b8cab4dd7de9da5daf7aaee810b3e78a9ec7e6418e33e9fbc6a5e78a0e617baee899ccb47e71dcb1cd707aaee810b9e78a9ecb7aabfbdd9707f3fee47aaee810bae78a9ecbfcf6716b47d52e1d3dd7734587f03d57f48c493f94733d5774d073450f90f48be43fbc2fafc8b99e2b3a54d27345cffa2efd28e58ef7feb677e77aaee8504fcf153dabf3f77b893eaa76e42b2c7aaee85057cf153daf85eddde13fa61faef4fc65f55cd1a1b69e2b7a6ebdb9ad61d67cef60c3df54cf151d6aecb9a2e7b7713da4736cb36bebde9cebb9a243ad3d57f412ccccf56ffbdbfbd6819aebb9a243d53d57f4326c5eacfde91fdf678f06e7fe827aaee8507bcf15bd18e7db07fd4ffc6cfabbe3b5c18c47733d5774d073452fccc287c1dad91f3acfb6da3fbddcd9f417d37345073d57f462f5d6afe6d676b7566ffcbcf9f2d9e9f560e7c473b99e2b3ae8b9a277e579bd37b37e717135185c5e0e06838b8bf58d7337baeab9a2839e2b3ae8b9a243e89e2b3ad4dc734587383d5774a8b9e78a8e9edf09b470293ad4db734547cfdf28baa2a3e7017aaee8e8b9a22b3a7a1ea1e78a8e9e2bbaa2a3e7117aaee8e8b9a22b3a7a1ea1e78a8e9e2bbaa2a3e7117aaee8e8b9a22b3a7a1ea1e78a8e9e2bbaa2a3e7117aaee8e8b9a22b3a7ade348a0e7aaee8a0e78a0e7aaee8a0e78a0e7aaee8a0e78a8e9e2bbaa2a3e74da3e8a0e78a0e7aaee8a0e78a0e7aaee8a0e78a0e7aaee8e8b9a22b3a7ade348a0e7aaee8a0e78a0e7aaee8a0e78a0e7aaee8a0e78a8e9e2bbaa2a3e74da3e8a0e78a0e7aaee8a0e78a0e7aaee8a0e78a0e7aaee8e8b9a22b3a7ade348a0e7aaee8a0e78a0e7aaee8a0e78a0e7aaee8a0e78ace7fd8bbbf9d28b23c80e32fb04f730ef4050303bd23d0a0b4fccd3acab03a3d68449420212a641312027b63bc32245e186f4c7ccd9d5d37b399d9b6a9ae533d5da7f87c1fe014267df2b17e5d759ae74427ba781e02d1259e135de239d1259e135de239d1259e135de239d1c573a2135d3c0f81e812cf892ef19ce812cf892ef19ce812cf892ef19ce8e2b9882e9e87407489e74427ba784e7489e74497784e7489e74497784e74f15c4417cf694e74f19ce84417cf892ef19ce812cf892ef19ce812cf892e9e8be8e239cf892e9e139de8e239d1259e135de239d1259e135de239d1c573115d3ce739d1c573a2135d3c27bac473a24b3c27bac473a24b3c27ba782ea28be73c27ba784e74a28be74497784e7489e74497784e7489e74417cf4574f19ce74417cf894e74f19ce812cf892ef19ce812cf892ef19ce8e2b9882e9ef39ce8e239d1892e9e135de239d1259e135de239d1259e135d3c17d1c5739e135d3c17d1c573115d3c273ad1c573a24b3c27bac473a28be722ba78ce73a28be722ba782ea28be74427ba784e7489e74497784e74f19ce74417cf794e74f15c4417cf4574f19ce84417cf892ef19ce812cf892ef19ce8e239cf892e9e8be8e2b9882e9e139de8e239d1259e135de239d1259e135d3ce739d1c573115d3c17d1c573a2135d3c27bac473a24b3c27bac473a28be73c27ba782ea28be722ba784e74a28be74497784e7489e74497784e74f19ce74417cf4574f15c4417cf4574f15c4417cf894e74f19ce812cf892e9ef39ce8e2b9882e9ee750eb6f574417cf4574f13ceba6f72f9fc7d949a28be722ba789e6f0767cbffd91fbba6eee2b9882e9e67da4cafddfdeff638f53dba782ea28be759b6f7f3ceff7647163377a28be74427ba78fe87e7e05eb6277eb73b7603d1c573115d3ccfabc977cb7fdc1ca781e8e2b9882e9ee7d4eacae1ffef8d4c66ee4417cf894e74f1fceb57e76bb37df7c66e20ba782ea28be7b970fe63f71b5be334105d3c17d1c5f3cc39cf68e64e74f19ce844d7cdf67c75b33b6867ec06a28be722ba785ef75edc9e1fbc314e03d1c573115d3caff97be7df4d5db72f329ab9135d3c273ad175333d3f3a2fb02f7603d1c573115d3c4f9a878f14bfce2f1345b6c56920ba782ea28be7093d7a3ac2c5a777b78aed8aac66ee4417cf894e74d5cff3d83d18d9e207edc2bb22ab993bd1c573a2139de7b5f33cc69551dd9edf7f5c7c53e4357327ba784e74a2f3bc769ec7add17c8bde690fb327329bb9135d3c273ad1795e37cf63bc1ac5da777786db1399cddc892e9e139de83caf9be7f1a455f9d233b786dd12b9cddc892e9e139de83caf99e731beacfc69b8f3a17744763377a28be744273acf6be679dcae78e9e3ad123b22bb993bd1c573a2139de7f5f23cc6b94a9f6e7f3d516643e4377327ba784e74a2f3bc5e9ec74f557e7dfea9dc7ec870e64e74f19ce844e779ad3c8fb39dca567ef6a4ec7ec870e64e74f19ce844e7799d3c8ff1acb2c7e14e4a6f871c67ee4417cf894e749ed7c9f33855d1e1324b1fcaef862c67ee4417cf894e749ed7c8f3aa0e9739da4ad90d59cedc892e9e139de83caf91e7d51c2e737498b217329db9135d3c273ad1795e1fcf2b395c26d1f35c67ee4417cf894e749ed7c7f30a0e97d94ff43cdb993bd1c573a2139de7b5f13cfd7099a59d54cfb39db9135d3c273ad1795e1bcf530f97597d98ec79be3377a28be744273acfebe279e2e1329327b182b29db9139de73c273ad1795e13cfd30e97696d57e179c633f710fe42749e8be844e7791d3c8f53ebe597be5589e739cfdc89ce73119de83caf87e7315e945efa225654c63377a2f35c44273acfebe179fc3c5d72e9b97b55819ef3cc9de83c17d189cef35a781ee34fe37c202eff993bd1792ea2139de7b5f03cb6cbadfd345657d63377a2f35c44273acfebe0799c582ab376af42cf339fb9139de7223ad1795e03cf63dc2c73a2cc5695a0673e73273acf4574a2f3bc069ec7f967c32f7e1a2b2df3993bd1792ea2139de7e3f73cc6d7432fbe50ade7d9cfdc89ce73119de83c1fbfe7f1c3ccb04fb87fa8d6f389f634d1c573115d3c4ff37cf889f765a59cefacec850644749e8be844e7f9983d8fe7c3adbe315b21e7dbbd99d08c88ce73119de83c1fafe731be1ad32be8b3bf7c1f9a13d1792ea2139de7e3f53cbe1966f9fd89aa66edb73ba151119de7223ad1793e56cf6377e3cf7f65ede1fdf5d0b488ce73119de83c1fa7e731fe5c7cfdb94a6ed097bf9b090d8ce83c17d189cef3717a1e1f173fabed631577e7178de49ce83c17d189cef3f17a1ee362d10b1c749339df7ab71e1a1bd1792ea2139de763f43c3e6c15bcc24af293ed97cf4293233acf4574a2f37c7c9ec7b850ec0a2f527f95657b2f343ca2f35c44273acfc7e779bc53ec12893f9bfabc179a1fd1792ea2139de763f33cc6fd42d768275d636d3204a28be722ba783ea8c5b49be7a745aed14979246ee76eb821119de7223ad1793e2ecf63f7a0c045ae122ed0ee844074f15c4417cf47386fff772b05aeb29db07c2b04a28be722ba783eb8b3f4d7c35f5c7b91f7ff2cbbf87c2fdcac88ce73119de83c2fd5cc8364d1afaebdc842d9a50f5f854074f15c4417cfafef55f219eb27d70ec56f957d1c6e3f04a28be722ba785ea4cde45bf497d75da2e41460fe267a4e749e8be844e779b9de3f4f057dfb9a2b3c2bf9fcfccb10882e9e8be8e279c17ac9b7e873832f705c6ed5b721105d3c17d1c5f3c2b55341ff3478fdb7a5167d52e27db5d6c6f1e2cae6c7edbfffda0fed1f2f177b47934417cf4574dd0ccfc3c1e3d45f421b7cf6cb9b5203f7ef87fd57ecae9ddfebb3d0f2c7b32feb4417cf457435def3f4d3e2e2d9c0e53f8fec48d9df5ebebbbbb63cf0f1baed77734417cf457435dcf3d03a4f047d6ad0e132ad52c7ca147f03bdf565adc88fb39ebcdd23ba782ea2abc99e8730d74d147dd0e1321ba55e412ffc0d7aaff853fa3f5ccc105d3c17d1d55ccf43b81ce1e13247a51e892bf887773e0e374a38eb105d3c17d1d558cfc38b87a33b5ca6d46b711f0bfdd9d3bb3bc32e7cef5687e8e2b988ae867a5efa5df12287cb3c1ad91dfafe9d5207d0dd9e24ba782ea2ab999e87f0746487cb947a0d7dfefadf703b582bfbcdffd4fd16d1c573115d8df43c74b6d240fff6e1327f1dc96fb8added01ad90300002000494441549a4df86bef2c115d3c17d1d544cf43b818d5e132e57e6bed7063e063f96bb3897feed90cd1c573115d0df43c4c3f19d1e132259fa05ffea6e8ebbded98def906d1c573115dcdf33c84a5b49bdea96f9daf7abbe4828717fdbee95e3ffef43856d2e102d1c573115dcdf33c84b334202f2a06fdd79bf447abbf3f136effea743e56d7658be8e2b988aec6791e661e24f1f879bafaff274cfc636d71e1686eeee8b8f7fad39d2a31fffab2dd24d1c573115d4df33c845713493cfed47fd577b1be9d77882e9e8be86a9ae7216c26e9d8aef060993fabe53da28be722ba9ae67978ff3ce59336d1ffe5eebb75063d4e2d115d3c17d1d530cf4b9ebbfe5b9bfd0f68ad35e8f1c306d1c573115d0df33c8476ca076dfe59df33e8ea0d7a5c5e25ba782ea2ab619e8783a497bc5ff75df35ecd457ff09ee8e2b988ae66791ec262d2f8baef79aa2735073db6bd8f2e9e8be86a98e7a1759ef239dbedb7e49bba831e579c19279e8be86a96e721cc75133e66e7fd567c5b7bd0638fe8e2b988ae66795efac754bef6aacf825fea0ffafc1ed1c573115dcdf23cbc584ef894bde9b3e064b7fea2df69115d3c17d1d528cf43384ef89075fbbdd5fda0fea0c777e15fecdd7d5713d71680f1efb40762854403f292440d6f890541a564410c18b05044b00a15a15a2da2e00b54e45ab1f231af7857d7fd2301923327ccccd9cff30166b96626fe98d93367109df09c109d9cf25ca4e4e3241babb2bdbe08803e984674c273427472cb7349e5cdcfb1892a1f30eb8a00e8de88203ae139213a39e5b9c89a8f73acbbca547e300aa2f7203ae139213ab9e5b9c48be6a7d86895c7cb1e4401f4a518a2139e13a293539e8ba47d5c5377556e6e3c0aa07b6f05d109cf09d1c929cf45567cbc0156b9b5a96c1440afbe702da2139e13a2e379743d97848f57cdee546eae2d1297e8e382e884e784e878ee94e7220b4dc62758a9726bb39100fd208ee884e784e878ee96e72239f3c565662a36165b8a84e83704d109cf09d1f1dc2dcf65bb6cf3e365dd91007d51109df09c101dcfddf25ca4607c7ae5a72bd7739f8802e8179b119df09c101dcf1df3dccfdbe3555e001be3b13844c7732244c7f3409a31beaaaeb2464b2a1297e86d82e884e784e878ee98e77e06dfb3951b7b1105d0b353884e784e888ee7ae792eb1558b5f3a992e4741f41e4174c27342743c77cc7391a4f10a6fc9ca8db54601f4754174c27342743c77cd739175d3736bbfcaf5fe4104405f1544273c2744c773e73c97e98ce90b60299bd7fb6738446f4674c27342743c77ce739179d3536ba5cac656227089be20884e784e888ee7ce792e52323cb35a2a179791c46af8416f1544273c2744c773f73c9754dedee23292be187ad0db05d109cf09d1f1dc3dcf45d6ec2d2e63be31967347743c274447743cf757bc686f719908ac007b20884e784e888ee70e7a2e3239686d711991585bc8416f1144273c2744c773173d377f383d596d63cd21ff327aa7203ae139213a9e3be9b92486ad2d2ef3ad819d865c5867be75b3c9c29604d109cf09d1f1dc49cf4516cca0acb6b8cc91e8a33625cf94560a7752ff3e803733bf3132e86f83cd884e784e888ee76e7a2e92b3b7b88c45d1b3b72ecf57f93adaf4da433f5b4d09a2139e13a2e3b99b9ecbb6d997d25afaab6f6e26e35ff39f870ac77eea34b69637dff0b6203ae139213a9ebbe9b948c1eca45a3b6eb59a2bfe349f18ea499cfc64bef99f0c314174c27342743c77d4739107662f75c78f7bce2ee7e34c2d8e4f9ffaef9d31bd46ef8cf46142743c274447743c3f05c8099353aa74fce5eef5df0d6fb5afa71b794f21aaefa1233a9e13a2233a9ed756b75dcf45e64c5e481fedaef521f484d9d8dfcb08a2139e13a2e3b9bb9e4b6cd5aee722fd57ebfd3efac1781d03ee218bebdb213a9e13213a9e8b2b25b3763d3fda645d7f240c17ea7a5eedb2d94f604c109df09c101dcf1df65c64ddb6e7df2efb5b6b7e257d693cd6d07fee495f7d45743c2742743c77a8e98c6dcf8f46ddb5917eb3b5eeb7c9f6cc7e003704d1f11ccf09d1f1dc65cf45e6ed7bfe9df453978acf8e4dd53ff3377c6f6d46101dcff9ff8e101dcf9df65ca4d400cfbf3ff0de7792bed9c5b4c1bf75d6ecec2fbb71a4101dcf09d1111dcf4f28956f88e747d7d3f36307d5df53dbef325b8bd5702dba2141743c2742743c77dc7391b50679febf3f176657f656ffbf7ecdc4c1dee5ae5ed37fa9e9ba32ad82e8784e84e878eebae7122f36cef37f1fbd9b4926e7e69203febe623ad56278ea4f0aa2e33911a2e3b9eb9e8b4c0e36d8733bc5463cd5237444c773427444c7f3535a8982e7d2617ade7708a2e33911a2e3b902cf25311c01cf578c4ffb0541743c2742743c57e0b9c84253e83d6f373ee9476382e8784e84e878aec173915cd8e7e73e3eb5deeedac142743c274447743c3faeed72a83d9f1af171ca5f1044c7732244c7731d9e9ff48a77083cbf93f171c2df72f068213a9e13a2233a9e1fd783d07a1ebb9ff573be7709a2e33911a2e3b91acf656622a49e0f14fd9cec5e2626888ee744888ee76a3c17e90ea5e789179dbe3c77e153e8888ee784e8888ee7f5dcd95e0da1e73f0efbe3dc6be91744c7732244c773459e8b24b361f33cbde7f9ed85bbc70bd1f19c105db1e8787e6257c3e5796f2eebdbf39d7e41743c2742743cd7e5b94c6742e479efd54ecf7f05a70f18a2e33921ba52d1f1fcb4e643e3f94cc7a005cebd2b7141743c2742743cd7e6b948291c9e27f7b33638f79ae65c3f60888ee784e80a45c7f31a4ae583f73cd655f42c35e4fe1143743c274457273a9ed7d45ad09ea7eeefd8e2dc2b4f09a2e33911a2e3b946cf255e0cd2f358cf83ac67af1e15870cd1f19c105d95e8785e6b938381793eb95ef66cb6afe490213a9e13a22b121dcf6b6f25b0ebf3175639f7469b05d1f19c08d1f15cabe792180e6a7ebe60d5f3a6af7a8e19a2e33921ba12d1f1bcbe3bdf413d0f97e8b4097abba66386e8784e88ae42743c8f4a23163d6f8b09a2e33911a2e339b8467c88bed4ac6cdf213a9e13a23b2f3a9e47277b43f49fd3ea761ea2e33921bae3a2e379949ec7b335446fea51b8f7d48b8ee784e86e8b8ee72a87e81b2af79e72d1f19c10dd6dd1f15ce5107d5de9ee532d3a9e13a2bb2d3a9eab1ca2efc705d1f19c08d1f19c223e445f8ce9dd816a45c7734274b745c7739543f49184e61da854743c2744775b743c5739442f36ebde832a45c7734274b745c7739543f48e84f65da850743c2744775b743cd73844ef1c6717ea131dcf09d1dd161dcf350ed1972eb003f5898ee784e86e8b8ee71a87e87bcdec3f7da2e33921badba2e3f95153e985c2da4f1b2f2e6f6c74afcdcea5b7dd1ea267bbe350ae4f743c2744775b74f59ef7f6ac946e4d541cd9fcadbdcb5de970bfa56d3c44cfcce1b842d1f19c10dd6dd1757b3ef97671e7c4c33b78e56a4fcab9217a6e1ac5158a8ee784e86e8baed8f3d88ddc686d87f860fd6b48dfef321aa2efcc43b846d1f19c10dd6dd1d57a1e5fc8b5d4f58ad762218c0f91990cd14b5300ae51743c2744775b74ad9e37bf1daeff305f7c50e88ffe103d5f406f95a2e33921badba22bf57ca6c3f459b27cc79d880fd14b29ec56293a9e13a2bb2dba4ecf07fa7ef773a857c74375995edf10fd6001b8758a8ee784e86e8baed2f3542eeb7701f49bed21bacaad67883eb191806d9da2e33921badba26bf4bcfffe84854f887b9d1d03111ca2977a315ba9e8784e88eeb6e81a3dbf91f12c95dd0f0be9b50ed1577f046cada2e33921badba22bf47cbbcfb358b6231c17bcb50dd187bb6270ad55743c2744775b74859ecf963dbb75b68761bdb55a86e8997138d72b3a9e13a2bb2dba3ecf13eb4d9ef5764200e5e943f49d569e85532c3a9e13a2bb2dba3ecf072e790d6935f8f7d24f19a22fbded4769c5a2e33921badba2ebf37cfe67af41653b825e11f6c421fac82c37db558b8ee784e86e8baecff39fb25ee32a778575883ed877019e758b8ee784e86e8baecef358ce6b6cc17eede4b821fad27d3ec2a25d743c27725b74759ef7b7798daedc13b621facdb13b7160d62e3a9e13b92dba3acf9b8bde19d417e01b6c1543f4ce12937344c77322d74557e7f9d425ef4c1a4e8664885eee0be587db111dcf89101dcf7d79fed03ba306af073f44bf38b291e44e3ba2e3399102d1f5dd6fbfe59d5d4341dd76ff3e44cf8fb4cf4ee330a2e339910ad1f53d0f57f4ceb287017db0a5bbb85e18e0ca1cd1f19c488de8ea3c4fb479675bfe2b0c223a9e13213a9edb6edf3bebb2d76110d1f19c08d1f1dc6e1b5e008df1c218a2e33911a2e3b9cd669b8200dd5be4d366888ee77efaf3e387579bcb5fbe1c1e3e7d777878fecb97679fff38f7e82e1e11a2abf53cdde905d308cf9a233a9e1bf4cbf37fce3f7efdf2de71ff9f3ed97dbafcea112a917ad1f579de7fe005d525d65047743cafab479b876f5e5eabe9e7b5f5e4f1f2072ed749b1e8fa3c979c175c07291c44743cafadbb1fbeecfe5acfcfeb689476efc9d34daed5fd0d36cebd5a3e7cb7fbfafdcb1fb6b68efe96dadada7af9fed3eee3c3e5cfcf1f217a884557e879c10bb2cc000e223a9e9fdeb9e537bf19ffccde3f7dc5957afdddfef8f9fceefb5376fbbdbfde1c6e3ebf8be821145da1e7a97ca0a07be5340e223a9e9f0ccb1fef7ef5fb43bbf7fa1917ea75f471f3dd937bb5efde6b7f3d7e76ee36a2874a74859ecb9e17702d933888e8787efc8df6578f7fb0f353bbf669f96fa4aeed6ec896c90efeedd3f90fb7113d2ca26bf4bccb0bbcd15e1c44743cafdef3775b367f6cd73efdf30b609f3830dffc8fafbb215bbbcffe46f43088fe5ff6eefeaba9e48c03f80f3d6df7979e6ef7f4d4b6a7dbf7764fdb6db77727bc292ca0e202557051ef82b28ae04b5c505389513124264496f00e314b24880184e5cfaca85b4579c9cc9ddcccf3ccf7fb7bee9cf3dcb9f9dc3b7766ae8d9e575c2f3fe8620873dd213a3cdf0997784effe596482e81ed5d124bcfbb1a4a9c5a5f86e8e516dd46cf3f3d214cc8083e4b0ed1e1f93b0fe78548892eb85c1a53e476ba7d5a71b595385fb30ad1cb29ba959e9faa37027471b5030e427478fee63cb8b595525e71d59b9821f756bdb39a6f9fd8bcdd2029ba959e977f46dcf769c42eb0101d9ebf9e08979e29f52517292c83f1efb33a565d8a1a27921310bd0a9efb9541614cbaf09172880ecf5f711e8ffa71cdb9852a50be95f1ac5bb222afcc06213a3cf727f7cd015d4c8241880ecffde31ca4bf2af746aeb4458eae87213a3cf7210d06792e027d6010a2c3736776c6cfcbce5d98b29bf3b40f774f999a29880ecfed7983fe224d036010a2dbeef952caefeb2eb16eef8c77df0643329b53101d9e97788a7b9b51a08b1e2c4787e8767b1e5b74cb70e14567ede43c988efa78dfb41986e8f0bc94392c0c4b63251884e8f67a1e8c27ca72dd0544d6c61d61e7f23edf376d04213a3c2f59ea0e9a06baf80f1484e8d67a3e912adf9597580f5ac6f9c4bcf07d34243f07d1e179a9d2679ce722701b0a42743b3d0f8db965bdf6721336711e5e2847b55d918d4174785e9a349a07bab8de0c0521ba8d9e4fe4cb7dedb935f63ca4af45cb3614120f4274785e82f47f6320e8a211fbcb4074fb3c0fae47ca7fedb9294bb68e5bcd96b3cca909880ecff5e7a130329f0341886e9be7ab2b665c7c89b40d9ea71365be71da0c4174786ec388fbf374b60041886e97e76b19632ebf02fb8fa54f65cb5fe55c154487e77ad3d1a9784eda2edcebba747fa4a9549dfd08d6ae41749b3c0f6eba06dd50e7990fbbaf559b50e5481ca2c373adb9ad7642ba6fdd78f9fbca86b3f73b4bd2d9efc240886e8fe753f3660d912538ef32134a9a52e6f9184487e71a33aa72361edfd9768c8abeee520cba7f0d0321ba2d9e4f44856919633bdb7d35674e95a34b101d9eebcbb0c2b9b8faeea2b2965efd63efdd98e90ed12df17c2d21cc4b96e98bf4b98c4955263cec6ea0e8b67b7e43611ff7d61df75a6f1ed54efa651008d1adf07cdd1526261563c8b9597315b6b21886e8f05c4fee28cc866bd8e558cdbd9abff2721e5f6981e816781e4c0a4313e5f799f470d6bc32e762101d9e6bc9e7f2a7a16bf7a335687e97de0b01213a7bcf4359616c32e3cc3c8fe58cbc719a80e8f05c47bae4cf42c35ec7ebbbaeb39fb761313a44e7ee797845189cc81c2bcfaba2669639b106d1e1b9868cc8cf70dffb80fd9774f6f3460008d1997b9e124627c269f9da5cc2d432bb71880ecfbde78af429b8b6df216feb7c48c767d7203a6bcfa772c2f0b81b6c3c9f750daef3264487e75e7352fe0cecffadf2fefbfa7af90896ae4174ce9ee785f171b9ecec9e768daef3024487e71e33287f02a6f73f6aed597d7bc71d837f101dcfe77846f79eb86b789d0b41880ecf3de5987cfd2f1673dc811e5d9dfc1cb67487e8787f5e66d1d718785e637e9d1743101d9e7bc9d9520cb9bf1876d7f611b73ef007d199ae575b1144c260ae7b0d853a2fe2191d9e7bc9a47cf54f1777e4ca139afaf830dea243749e9ecf0b3249505f8f1ea751678cbac3732fe9952f7e77b1c7be5cafa78fdf827e109de37eaf05412819da7bc6a55d1a657693981907cfd5735abef64d45bfd41e3ca3a58f5f057e109da1e735825466a6087bbee192a9f3184487e7ca51d8286eef9de2b6a545cf8af401e007d1d9793eebd202dd4d85c87a3e47a9d6eb101d9eabe68942e9a78b3ffca9561d3dfc29ec83e8dc3c1f8f086a59a42acd4482d49dd32c4487e78a51d902e688c4f19b9f69e8e1f5cdb00fa2f3f27cb55ad04b0d4d6762515a658ee04b2df05c31d7140a1fb829d140ff710d3dfc2ee883e8ac3c0fa5087a2e5c928bd7c2396a75ae5e86e8f0dcb777e86252a6851b1abea8da8a956b109d93e74e52904c66959e31c12cb9320766c2101d9eabe4a94add1f4b6dde56a76167f73b900fa233f27c43100dc189719b14eb9c75203a3c5748af52dde5f657eff0be691ca6c54174469ed39aa4b52de49649afb924eb5c03d1e1b9421e2895fd885c231d57bd76ef2b37001f44e7e279282fe886d814ece50ccd32d39caee0afe8f0fcdd7cab5676c9af9457789e19876fae41742e9e3b0b843d179918255c4239aa75ae8e4174782e9d3eb5aa1f976ca67fc863f77e02f6203a13cfe75ccaa08b794ab624e9d6391584e8f05c365f2a56bd5db29d53073d8eb977803d88cec2f3a9a8a09d38a117e894eb4cf735ba1fa2c3f39da1552cfa509d6443034dde7a773bd483e81c3c7716897b2e22645649c7aa29d7d95d82e8f05c32956d8a459f966de956c053ef3e0df4203a07cfd704f9ac5061254bbacc2eddd5e825171d9eef16d5cdd6ff7b52b6a5694fbdbb07e64174069e87a3f441171b34504953af73d281e8f05c2eca6bc4ef4937d5e5a973b7c03c884ede73678c81e72243e24baaab09ea750ecc4174782e9713fead24eb18f1728abf0579109dbce7132e07d0450103eebe642604d1e1b9542e2b97fc7abff40cbc331ecef0358807d1a97b1e4c091e1937df93590e75de74203a3c9749837ac9e507ddbd4c8c7b0cf0203a71cfe9eee1fe7672c62f926631594144aa203a3c97495da77ac91f4ab7d6ebe104df0478109db6e7a12817d0cd9f1797e451e71507a2c3739978d867fdcad7d2afd19fa9b7d607ef203a69cfbdfdbf9995a8e14baa984c5620b3a2c02fd1e1f97e39eca1e2cf3a645bfb4c7d40e030b883e8a43d8f25f8806efa3e662b6cee9c42101d9ecbbcd7f65271f9cf9aaaaf466f8476109db2e75c46815f2661f4c743d670e7c4517478be7f1eb579a9f821d9e62a95d7ae61561c4427edf96a8413e862cce4d50479dc3931141d9e17134f9f36adbf23db5c83f20dc4236007d1e97a4efbaba93b4063f0ee32714e854e3a101d9e179f079e7adbc153b2ed296f65d300eb203a5dcf63bc1ed04d7e440f5773aab3bb0cd1e179f119f4d6dd862b24dbab50fd92ea315007d1c97aceed01dde447f438af42171c880ecf8b7fabedf153e5ddb25f523da4d8d0e7900ea293f59cdd03bab9db9885583da08b00f947741da2c3f3a273da6387bb57297907a1b818bd17d04174aa9e3b9bec3c1799301ed0f116dd1fd1e179f1f9ce6b7fbb542bd7e031b566b09b3b4427eb39b3a7c697499b59ea28b73abbabb68b0ecf659e98cf7bed70a3920d0e2bb58285e8109daae7f4bfcdbd53f228351ed1fd10fddff05c26473d77b8493f1ed12f4039ab44ff8891e74e8e23e862cec452e7d9953990085b2dfacf7f01cf6532e0bdcbc97dadbcb247a58d56206755fef0111fcfc7597a2ee60d2cf51cc742c71d8b4587e7b239e7fd1e52eecb6b7755dae881719689fe0917cf9d024fd04d7cb93bcfb1d0d1a0bda2c373e94c7bef7181b3320d367fa3d0c419106759defb2913cfc3119ea08b75e34abdecb22cf4ac63abe8f05c3ecdf51aba9cd432f146808eec9fdfee7de1fe8388e73ca7c46d65c6b8522ff02cf48a63a9e8f05c254f75f4b907120d3e04e8c8fea9fd704fcfff45e58f2cc51574b164da9ab50cd3971bcb768a0ecfcb352dee794e17bfc34c7f1b40478ac82f77bf707ff8232a7f63556c3d376e41d52cd7426f3a368a0ecf15735c4ba7bbd75174830abbc5e1fba916e627bb4f8cfb19997fb14dbea0674266953acbb5d02ca6c5c98a0ecf55734c4faf3bde5c6c835f60963b524c3ed8edcafd1d9d3fb13c5fd00d5b8a1e73d9167adcb14e7478ae9cca737a7a5d4fb1df3855f842cb304e938d797fe72bf73774fec2188fb89b36e6beceb7d005c736d1e1b9875cd6d4edaeb417d7de2df94377e32c5939e8fee39daedc3f1d60bffe96c898bb5143c129c6850e59263a3cf792ba1e4dfd2e70b8a8a9710ad3f0ba7096acccdf779a10f747427f6039cea01b3514bccab9d0738e55a2c3736f79a8ade37517f322bd45feb8a3384976e607a45fa0f356468805834a1de75ce8a46393e8f0dceb5bf4216d3deffa772579429fc649b233efbd73e9fe85d2bf579a37e826ed2db382971b4c4487e79ed3a7afeb0546ebf66bedb6fc51db718e302fee457e4d69c0dd59e40dba30673f77c673dc39cd732f427478aee111fd82c6be37bcdf6c7785ede35b708eec4ceddfdeba767f4fe9af2b98610e7ada98526fe0e5060fd1e1b98e0ceaec7c6d273af66c4c7e33f7b63a9c225bb37dbfb88f0f50fae75a62eeb95834a6d405de85ce3b96880ecff5e49ad6eed7fad51e4d35774a1f6f0827c8da7c40748b38e64ba30d7bb71bac665ee9981da2c3734db9d9a4b7ff359edab5a913f247c3aa358bf357aa33e2987e9f7b5baa0ca9f404f7426f3836880ecfb565527307ac1fdd65055b83c2adc3459c1f7bf3e67754ff4cea5f8bfd2b74735ea2b31f0b293816880ecff5a5ee9cee2ed8b423e9fdad0a871ac4f9b137bf7abd5ddc3f69fd6955b1f7dc9805d2ecc742aa1dfea2c3739df932a0bd137676bd23718bca92f7a60e9c1e8bf33ed137e8dc675e6f2567c85848827da597d98b0ecff5e66929bae1f0dd37579cdd98bea2f4421e2707d3e2b6a6b813fbcb4af207dd0d632cc49fcc3acc4587e7dbd3d1d07e68b2f7e8f31c9e7ef8d5cd5ae9033c7a5c9a9e38f4c5a18193759f56dcec3b7a5eed08d827ceead47e4270d3d7ada4f83363c88e27168c852c38bc4587e7af53d970f1c950db5bc3d42347fb4eca1de6b6a97df933a066753e7cb549dc015aff57168c030b11c758883f4939ac4587e7ff9fcdd6def53ff6eef52d8a230b03f8ecbade72f3f265d76ce2c6249b44dd27fb4c378cc882c23ea0803820036441240acb559451b918242822ca25dc41b9898082fc999b0171117a869e999eae73eabcefc77c009f93eafed155a7aac27ef85ebd9411cd8fba4273285f4f8369a2bfd0dfcdb9ff95d9eb6a4180e744bae2a6f52f74695067d1e1f9bb34bdbab3cb84f7fd9bb67f58721ec9a17c19a6c9cea72c5be2bcaf2580be44a1d2c15201951ef4ea2b3a3cdf986abf906fa7d7fc95edcff4a6671447720648139ef5b365f6329b71d77f6f742813e8897329ab5e6d4587e7eb339117ec6e014b6a68b4f93387090e649cfb8a45f4d023fc05b777d5a20466489c493a2aa1d07d5e5d4587e7a1b4e7473118fcc5f626de7d99f406f27d80263dc739ceb88b6872a7d1e6be26a1d0535e4d4587e7a1e5eee228cf81a9acb1d55a76f33ab5717c3e07a049cf89d043fc19b737558a08d029cc044f09a87352a7a6a0ef3b0dcf8dd618dcadb0b58bade93cb181dc00cf90fd1ecf47dc5e5441119e9b6709947a4442a1899ce1e3b8e77be1b9ef724cc7b4a6beb5f3c37b898de37670867cc770097d4106e804f6add5b789a8f41978aea7e73915318e08ff233bd3ee59a446711d344342c7b9b35b421f9001fab8fa4a77c9a8f4183cd7d2f373711cd19a6543745f05a551dc0acd90509bfbd7dcde55ab329899535fe9791995ee87e73a7a7eaf249e416147f4e4ab7406f1cf38250e09b5b97fceee65f550063304eef51c9551e93578aea1e7d7b2e31b1576440fa49219c477811912ba70ed1b766fab3519cc94aaaff48a8c4a2fc273fd3c6fcf8e7758d8113db784c818ae80658861a41d607790bb880b43d6a3bef9ba0fdd0af09c67321c90d68ee84dd92486b01fa7be22a19cf47cc5ee7d352b04f465fce9e44ea6e1b96e9e3b33176e47f46b24b6a35f0165482807d9dd85eef58e0b015dfda52153320add09cf357bad15f5383332ec887ec1af7e0457e29038643d9f78be65f7c67a2204f479e5955e9251e86e78ae598a9d1a1a7644ef4d523e826b2019b2be867eccb38fdd2b6b5a08e8eab747cf09a974109e6b951ae786861dd12faa1ebf99900cd9c809cf8f001da087498a904a77c1739d52e864ebb91dd1cbd57ea3df690664c8e61afa1fd8bdb4468430f35a79a527003a3ce797078e0e0e3ba2572b5d47af8663c8bb9cf47ccceeadd529849951e595ee1652e90578ae51aa1d1e1d7644bfab70f75a31184336d7d00f78fe0cd0017a980829b42eb7b3c0f350d21dbfa8dc8ee8ed77540dde3745700cd9cc517ca10374f1a00fc2737d32ecfcf8b0237a46a59ab15b920bc590f739c5ef6e1680ee568252409f87e7da64321187b1da11bdf1ba8aa1ebc7256bc8967c892e7774b9874b0b4087e7dc723f2123c48ee839f90a86ee0d18866c59433f8c7de8001d53eef05c9b15f4195399e84565ae8fdc2c18866ccd1e9c14473603001d4d71f03cbad4248c4e1ba2a7fde6f2f6b5973e10866ccd218667b90b399094c07763374087e7bc92b8696f3ba21badae5ea79a990ec190ad39e1c16d6b64a37e77f484904a77c1734d1248e4f4b61dd1033dee0ddbba2208867c304574dc83fbd0c96608a00374784ea0252e1ad1d3b35cf33c1982211fe64b8fe71b5f4fa559000020004944415476efaf3e19ca94aaafb49443765be0b92679632a17dd287067477ae66df8856cfb42dfe3f1ec65f7025b91a14c0ada0f5d4a1b3cd72485896e2ab7257a73850b83f617ac9f23dbf349e8e9667754dcaa0c66e6d4577a5c46a53be1b926a9314988ee7b9ef0a3ddafa0bf1dd991e3a1c7fb08b757d8980c66c6d5577a117f3ac1734e49fc46707ba21b81ba84fe2bfcc3c00bd999c3a1e7fb0b6eefb033329879acbed22f64547a099e6b923c938ae8bef2046e60ab2d805dc8ce1cdb1f7ac0d975c5093991f4acfa4a9f9551e95978ae4726dd182d364537721a12f52fe83807bb907033ee1e7e17a8a688606615dd0a2ea50f9eeb91769392e8c6b5c4f4dc3760bb1a6295b4c31bcf38bbc35f65345fab3ff9d53b2003f487f05c8f949bb444f73d777ede3dbb17722196f9f4d0c643ce6e115dc65171cbea0bbd2c03f4d7f05c8f5c3689896edc7cea70bf7b5d23e042ac73eadd537e9adb9b4cc4d26e77bdfa42d7978a007d109e734cd38effe2da6d67f645370ab31cbcb0a5f63976ab21e1f2fde673ce6dce7d5482324f2854ba5304e843f09c612e25956fff4f152641d18d40f179877eebcb66a885ecd212e7e1779cbb887d6b8f29545ac4c93229f09ca3e7a6b943f45f4d92a21b854f6b1df8953ded400b099fefde3fe97b99f5b9d7b70960668542a5456c445f82e72c3ddf29fa7593a8e8c6cde178ff6d7935986d47c227ede89667fd08b3d7d9b40066c62814ba5f02e82fe07954f14d16061a9b277dca3ddf21ba9ba04729bae12bc88c6331bd039c2391f3972d0f3bb7b365245ca04a6261775e02e8fdf0dcee5740636f5666dea64b3315c537327c2a3ddf2ebaaba0472bba6134ffd611636bfb05708ed85d4167d81627e0c3718444a1451cca3700cfeda4a8ba217567f14a1ed424abf37c9be879266dd18db47b5533d1fe9692aa5c7085ec9263df7ff0bcff1d5d71c4b248a3d202dadc4b87e0f9ee692f0bdbd7f59f97777daa3cff50f41e93bae886e1bb77398adebdec86025c938aecfe97e20fdb9ef81f7975c575631ed89d0838c3670e9eefbefe9b1fb9866f6ad21579fe81e8152603d17f4f616f999dd5818eac82dbb00ab1911387b63df2cc76ae2d69cf0c91c34e1eea0ffa6378be4b7eb27126f9f56a459e6f15fda5c944f4d0827af5d38acab03ff77c7e550d369d23b174c46d641fabb7da9aeeca4cd4d328b480aeb87e781e591e9b4c56e4aaf17c8be8552623d1d73fd5dff65e6aa8bb9a9ab4f9e3fc333d99c5c305b9986747a2c8a99d4f3daf4677ed6f0d992252e8a0fe5bfecfc0f348a9b17d268a7fd8a7c4f3ff8bfe2f939be89b4ba09393858140e124ee514362c8c1fd16cffddf38bdd782ba2fa293b9004cfb9bedbaebe179f82447753c7a668e12cfdf8bfed6e42a3a82c49c637bac1efcbd9f71127d0a9f8d58dcd06a2e84a4e781abd115f3569312cf37456f36213a222e87ad1f7d56b7a86adeacd589c50d717321043d3f772bda6ad6b62af17c53f419888e48cb0fe11efe238c405f40e7351637842da1bbeef94f77a22fe7b36a259ebf13bdc184e888ac1c3d14eee9ff23a749f739ad9519a35368cd2f5ceb84e7e1d2941d4b41fd179478be21fa7313a223a272e050f8e79fd379715aafed7607e9147a456fd017e17998e4a6c656d1f3ed4a3c5f17fd9c09d11141493bb93fd21be02b3ea00feaaccc2ca1426b7eccee283cb74e61cc379d94e42af17c5df40e888e08cac17f467e07305a461fd117992452ca68bdb8d1d602cf2de3ab8bbda81db795781e12fddf264447e478fea75d5e029ff33930ae0fca607123ee4cc173eb3c8aa7aa656a3cff5df4ff9a101d81e7ef73fa6bccb9ab4ee92c0aed5656e1b965dafd7195b5468de76a03d1116a9e7b3cfff8988be8d3e871c7e246bc7f3b0dc173aba4c7b9165d72539ee7101da1e73923d1b53d5ba693d861a41a2f6e8cc373cb0cc75bd862819e4374849ee71ecf474c441f2ad55499356285d6b8cf7d149e5ba5b036dec2fa33047a0ed1117a9ef3115dd7f3dc17a8155adb0b5a2682f0dc2a59f1973653a2e7101da1e7391bd1c7f45466098b1b6ee5313cb74a4eb603b5cda0e979657e66665d2a4447e478ce45f47a3dbbb5e84d030fe97a29fa3c3cb7ca23276a5b46d0f3ab17031b3f75b2206b06a223423ce722ba965f8e9d04efe79ed5d3f339786e95f412278aebcfa1e6796daf6fcb4ff6155440744486e74c446fd1f126308ad7796a7a87ea43786e950267aa7b9198e779db4fa4f59541744486e74c447fa11f32dd24cf22d572cf7f770b3cb78a437790fe4ccb738b13e6213a22c5731ea22fe8b773ed05c942f7eb08fa0b786e95dbd90ed537406afddcea9e76888e48f19c87e88bba21d3d645b2cec114fd3c2f5d80e7566975aac0e5943cefb13416a223523c6721ba6e9fe849543752e977434bd2143cb78c6317963510f23cdce9f2101d91e2390bd135fb446f5b265ae72efdfa0fe7e1b965f29d2af02d429e3f9b34203a22db730ea29fd1eb139dee4927da1de83e0ecf2d93ee77acc401329e9bbf86fd45101d91e23907d1b5fa4427fb81aee127fa003cb74cae7325be46c673f3a501d111f19e33107d59a753ccfab045d0ad2cc1f304f7c4c5d315e7f8f9ed59064447e03903d1359a0b9ea07c3b77975ee7bf0ec073eb5c74aec655643c8f083a4447c4784e5ff4167d76543dc45f4e584157ecb9734deeb1b7b927e07eb557064447e03907d1b539d17d84f6659e4313fa785e3a08cfc324cbb92a3f20e3b959674074049e7310bd7e4e13655e7bf19793f8dd04aa3d375eb9a6a88b9e9b95064447e0390bd107f4d8ba46fca013af37a8cd75b5dd5df03c5c1c94ad878ce7a6990bd11178ce43742db6ae752f5307ddfb5a17d0cfc2733740afa3e3b979c380e8083c6721fa900e7d712b5efa19d7c3f3ce16784e740dbd283f41ffcf2b0c888ec0731ea2aff24766ba9e01e80b7a6c5d1b83e7e1a3b8cb3d3941a227354274049e33119dfda763e9bc9743ceeae0f92c3c8f906107253308895e654074049ef3107d798239326b2c3cf70635d85130d105cf23a4c0b94a5f3408899e540ed11178ce44f451dec83ca9e701ba0e3b0a1ec2f34839e75ca55b0d880ed1119a9e13177d967587fb82974bd81fe9be540fcf23b6a53977db5aa301d1213a42d473daa20f753246a69f8de7de16e693ee13cbf03c727a9c2a7589cf80e8101da1ea396dd1194f064f79196590f7a4fb2a3cdf25554e95fa97d8ff0d101d4112ee396dd157b81a33d2c20974de9deeb3f0fc7fecdd6d7356c51dc0e1bef4eb9cfb00015b140bd8d2b460a9e4455bed3854090292e28d7604098951f340c893311832998440261fb3d08ed31946c8fd707267ffbbd7ef3d4c66cf4caeecd93dbbfbf5eee1ee8923ba3420cfd3167d35e802fa5c28cfabd1a9b89edf9de7f97e5d6b6a11fdad16d189ae943d4f5af476ccb3c677ab603d097b305fa25ffb27e579abf54e3383fdb4bf9f82e8e279d9a20f4d044466b20ad752d465f4673cefa0cbcd0cf68316d189aec43d4f5af49d78d22c8fc5033dea32fa3acf3be9b3b38dc0f99716d189aed43d4f5af4701be316e6037a5e8d86dcaef0b8cdf38e6a649ffb9dfe7f0ea28be7658b1eecdc93e39b55c8e6036e575819e27967dd6c625bdce72da2135d013c4f59f4b150d7b47cb151056d7325dc86b8259e775a03985d69e40721ba785eb4e8ed47818c59acc2361bed26d5199e77dca7dff73ddc5fb6884e74c5f03c65d1e7c39c4d3ab25b052ed87538d33cefa23ff53bdc579bfa49882e9e172dfabd28ebbbe355e8f62279be3acaf36e18bdd1df709fbdd922faab3afd19b39498e7298bfe24c63d2d27aae04dc6f17c7b8ce75dd5e7f9af0f9bfce32233d14f1f659692f33c65d137231c65b617ddf36a742b8ae7536d9e77d9997ec6fb9d8eee59fb7d91a2f35c497a9eb4e8e9cfd1c3cfcf5f881ee412fa47f33cefb68b4f7b1fef1b1d513dfce6b90245e7b912f53ce9b7ee89afa38f3cab7228c647820b3cefa173977a1defb73bdae13e5cd7058ace7325eb79d23be392deeb3e325355441f508feff1bc97beecf104d823973bf4bc40d179ae843d4ffaebb5842ff98cfcfdf9cba2277f08ec239ef7d8adde0e8c7bd8b1e7c589ce7325ed79d227cc244bcdca6c954fa9ef8c9bf2bebde73eee45f47f77e17961a2f35c897b9eb2e8a3899eebbe3054e5d468d25faf6ddbdfde47b73fe976bccf7fdb95e74589ce7325ef79d237b58ca7789bead4bd2ab3123e6166d5f7e77d75fdcdeec6fbec852e3d2f48749e2b80e7498bbeb4921c31eb635576cda47a0dfdb4f3e1faecbd2bdd8cf7d3735d7b5e8ce83c5708cf937eebbe99d8552d23e3558ecdaea4c8f988fb58faefd8fdce17d2dfbfd883e78588ce7305f13ce9397a3ba93d5b7767ab3c1b4af0249f89259e37f2dafd1f9d8df757b75b3d795e84e83c5718cf9316bd1a4fe79ecfed7b55aecd6f27f7f9f910cf1b9aa47fdbc14afa270f4ff6ea7901a2f35c813c4f5bf4b9444e8d1bd91badf26d743aad85f4d536cf1bebe8ef7e7afd687f78ff5aab77cfb3179de70ae579daa2b793f8b06a61a3cabb9d8416d2133d5a37a8e7cf3bf9f19523af1ced6f7eecf442d0e157fd17598bce7305f33c6dd1aba5c3bf7e6db25de55e3a3b1013ddab10d7f317dd7c78fa17f6c71df9fafeb98eff8be1573fb28c45e7b9c2799eb8e8f3877c2fd8dd9daa80c61279edbe3acff38379f57e7bf8ce57dfff3ccce7fff0ce7717ae75f1cf875ff7d0b2159de70ae879e2a2574b87b80f7b64ad5d95d16c02bbdd57762b9e1fe41eb99ba73effe0f6e7a76e9eecf21f0ebffeb9652a3acf15d2f3d4456f1fdaf4f1d15c554c87ff99e0f6139e27d9f07e4f2e4bd179aea09ea72e7a35742817b0ad8c8f5625b573a893f48954479be7fb3fbc0c45e7b9c27a9ebce8d5e2c0bf601b599baf0aabbd76782be9aba97ee9cff34e1e5f76a2f35c813d4f5ff4b1f1c17e5bb53a5415d8dc216d774f77eb21cf3b7b829989ce7385f63c7dd1abf9e989c12de7ce5665363a7308df094eecb5791edbf3cc44e7b9827b1e40f481915e2ce7ffdb82383158ce47b6d23d5797e79d3fc78c44e7b9c27b1e41f46a7e6f05e707ddbdad412ea52f27fc2501cfbb7992d988ce7365e07908d1abf6f8816e8ffb626baed2d0faa048df5eaa789e87e7d988ce7365e1790cd1abd19d03bb1fecf8de3d9a0f90f4b45f86f0bcdbe79985e83c57269e0711fd39376b07b0756b6479718ce4ff1fe3ad03bebd766435edb50d9e77ff4c33109de7cac6f330a23f9fa6af36ebcdc20993f397d7d24f1ce08ef789b5cd8ae799799e81e83c57469ec711bdaae667969b7a2d7c777a83dfbfd0d8ee011dd1b7f02cf533f279dedb930d2e3acf9595e791447f6efa6e03f3f4c77bf6c1bde6cdfb74e3d3f489c9d9e4cfd4e579af4f37b4e83c57669ec712fdf9247269fa51ef13f595f59927d0de6f7563bdc1d58d91eddd0017d8f1bcf7271c58749e2b3bcfa389fe62a2beb836d53dea77d7c7e74679dd49edc5f5464e9bf9627926c44e059ef7f394c38ace7365e87940d15fccd437c6b71e753a93bcbb3cbd680f5c77e3bb33d9e7656cc7d777835c2ecff3fe9e7450d179ae2c3d8f29fa7fdf0e6fee9c985c5e78b5ebc7a7d6a76736da7ceea9cd99d5955ea7e6cfe2bc0de179bfa286149de7cad4f3b8a2fffcc1d5dcece2cc89e9c9c9adf5f5d5f5f5c9c9b5bdf1dda58d4ddf99f7fd27d3d0cce4e3ee963716b6c6e7220d3ccffb1735a0e83c57b69e87175d07baa43e3bb3b6dcc1e6f795a9c9f1d968b7caf3bc0951c389ce7365ec39d1b5ef56c4b99df1e9f5edc7c75f9eb0af2c4cadae3d5bdc08b94b81e7cd881a4c749e2b6bcf89aece67ec4f36e7e636666767e7e6869ecc87fe7280e74d891a4a749e2b73cf89aef2e27973a206129de7cade73a28be73c2f40749eab00cf892e9ef33c7bd179ae223c27ba78cef3cc457fc07395e139d1c5739ee72dba548ae74417cf794e74f19ce812cf4bf69ce8e239d1259ee7e039d1c573a24b3c1f60f7eb9ae852fe9e135d3ccfdcf3d685b7892e95e039d1c5f3bc3d27ba548ae74417cff3f69ce852299e135d3ccfdb73a24ba5784e74f13c6fcf892e95e239d1c5f3bc3d27ba548ae74417cff3f69ce852299e135d3ccfdb73a24ba5784e74f13c6fcf892e95e239d1c5f33732ff654674f1fc574497784e74a28be74497784e74a28be74497784ef4fd457f1759e239d1c5f3370af9a596b1e8a78f324b3c27ba785eccafb56c45e7b9784e74f1bc20cfb3159de7e239d1c5f3a23ccf54749e8be74417cf0bf33c4bd1792e9e135d3c2fcef30c45e7b9784e74f1bc40cfb3139de7e239d1c5f3223dcf4c749e8be74417cf0bf53c2bd1792e9e135d3c2fd6f38c44e7b9784e74f1bc60cfb3119de7e239d1c5f3a23dcf44749e8be74417cf0bf73c0bd1792e9e135d3c2fdef30c44e7b9784e74f19ce7f145e7b9784e74f19ce7f145e7b9784e74f19ce7f145e7b9784e74f19ce7f145e7b9784e74f19ce7f145e7b9784e74f19ce7f145e7b9784e74f19ce7f145e7b9784e74f13c53cf4fbe75ebafc367fe7cf579ef0f7f74f9fad19c45e7b9784e74f13c43cf8f9dfae8eadfcebf8cde8d3b0f3e3896a7e83c17cf892e9e67e7f90f97af5e7aa57cffcc52749e8be74417cf33f3fcd8ad3be75f6b5f8ea2f35c3c27ba789e97e7d7866fecab5f7ea2f35c3c27ba789e95e737cf9ced04d3dc44e7b9784e74f13c27cfaf7dd7a9bf7989ce73f19ce8e279469e1ffbf152e798e6243acfc573a28be719797eea745798e6233acfc573a28be7f9787eece1f75d629a8be83c17cf892e9ee7e3f97b7fef1ed33c44e7b9784e74f13c1fcfafffd40ba63988ce73f19ce8e2793e9e5f3edb1ba6f145e7b9784e74f13c1fcf1f1ee915d3e8a2f35c3c27ba789e8fe7c37d601a5b749e8be74417cff3f1fc4f7d611a59749e8be74417cff3f1fc419f98c6159de7e239d1c5f37c3cff75df9846159de7e239d1c5f37c3cffe07c5da8e83c17cf892e9ee7e3f9a7979ac034a2e83c17cf892e9ee7e3f9c5a7cd601a4f749e8be74417cf33ba8fe54c539846139de7e239d1c5f38c3cbfd01ca6c144e7b9784e74f13c1fcf7fb851972abac473a28be7f9fcde3ad328a64417cf4574f1fc30ba7ebe26bac473a28be7d1bbd234a64417cf4574f17ce0dd6a1e53a28be722ba783ee07ef3754d7489e74417cf4dd0892e9e8be8e2797e2be84417cf4574f17ce05d3f284c892e9e8be8e2f9e03a53135de239d1c5f3e85dfc574d7489e74417cfa377b9ae892ef19ce8e279f4aed64497784e74f13c7a273fa9892ef19ce8e279f46ed735d1259e135d3c8fde6f6ba24b3c27ba781ebe3fd64497784e74f13c7a17cfd74497784e74f13c7ad7eb9ae812cf892e9e47efe39ae812cf892e9e87efbbba1cd14f1f6596784e74f13cd35f6277ea6244e7b9784e74f13c5bcf5bdfd4a588ce73f19ce8e279be9eb73eac0b119de7e239d1c5f38c3d3f56d76588ce73f19ce8e279c69eb78ed66588ce73f19ce8e279ce9eb7deab8b109de7e239d1c5f3ac3d6fddac4b109de7e239d1c5f3bc3d1f38e887223acfc573a28be7997b3e78d00f41749e8be7ff61effe7aaab8d6000e7f83f361d62bfba2850247412c165024564b3d1e38426c115288d1b669d2c48037842b63c285f1c6c4afd97fa7ada8db9cd3cedecc7ad7f3bbdb376bc23bc97ab287993d4417cfb37b5e1622bde83c17cf892e9ea7f77cbc8fad9d8be83c17cf892e9ee7f7bc94b5e4a2f35c3c27ba78de82e7e58b482d3acfc573a28be74d785e6623b3e83c17cf892e9eb7e179d988c4a2f35c3c27ba78de88e7e579e4159de7e239d1c5f3563c2f3723ade83c17cf892e9e67f67cf0ece7767fff34b19455749e8be74417cf537a3eb8b2b9787ffbf4f3dfb89bbbfbaf178bf77606e555e4149de7e239d1c5f37c9e0f1e1dafcfbd8fbdb9edbb9152749e8be74417cfb3793eb5fcf24ef4b2d189ce73f19ce8e27932cfaf6cf454f3518ace73f19ce8e2792acf27bf9c8d5e371ad1792e9e135d3c4fe5f9974fa2ef8d42749e8be74417cf33793eb31e15d4bde83c17cf892e9e27f27c626329a245d1792e9e135d3c4fe4f9fe69d452b7a2f35c3c27ba789ec7f3eb97a2a2ba149de7e239d1c5f33c9eaffe10d1a6e83c17cf892e9ee7f1fcf55a449ba2f35c3c27ba789ec7f38fbbbe1b6ee9eaf1fccecccef2c9fd3bfd169de7e239d1c5f33c9e1f77cdf9b5bd3fd61eec5cfaa6bfa2f35c3c27ba789ec7f3cf3a96f6c1c1d9f5776ff455749e8be74417cff378bed8b5e77b6f1f61b2a7a2f35c3c27ba789ec7f3938e957dbaf3ee31fa293acfc573a28be7793cbf77a1636437de77943e8ace73f19ce8e2791ecf77a6bbfe82be50ea109de7e239d1c5f33c9eaf3ce85ad8d92147ea9be83c17cf892e9ee7f17cd0fddbd59e972a44e7b9784e74f13cd1fb581e77efebeb5283e83c17cf892e9e27f27c6704af4b5d2d1588ce73f19ce8e27922cf074f46a0eb5ee9bfe83c17cf892e9e27f2bcfc3bc60c7a4f44e7b9784e74f13c93e70b23f98df583d277d1792e9e135d3ccfe479d91809adf74acf45dfe6b9784e74f13c93e7ab4f4722eb51e9b9e893cc12cf892e9e67dab95e8e06d61f4adf4597784e74f13c510bd3a3713556882e9e8be8e2f9d8fa6c449ec74921ba782ea28be7636a6a6d54a07f3a20ba782ea28be7636a33e2fcbea2135d3c17d1c5f36e9a1d1de87199e8e2b9882e9e8fa5af9782e812cf892e9ed7de6104d1259e135d3cafbd6f83e812cf892e9ed7ded45c10bdb23e79845d9e8be8e2f95b1d4410bd32cf3f9abb095e9e8be8e2f9d94e82e8b5791e41749e8be8e2f95b7d1f44afce73a2f35c4417cfdfee6e10bd3ecf89ce73115d3c3fdb4404d12bf49ce83c17d1c5f371df1347f451784e749e8be8e2f99bcd07d1ebf49ce83c17d1c5f337ba1c44afd473a2f35c44e739cfffec28885eabe744e7b988cef3a63dffeacca797d186e88f337a4e749e8be83c6fd8f3c5e9876f7ebc1f4d887e7122a5e744e7b988cef3763d8f3823faf7d182e8693d273acff5b744ff0715795eb3e767451f33e8e7237a62cf89ce73119de7ed7a7e46f471837e1ea2a7f69ce83c17d179deaee76f8a3e76d0c72f7a72cf89ce73119de7ed7afe86e8f723bbe8e93d273acf45749eb7ebf99fa26f4472d11bf09ce83c17d179deaee77f887e1cb9456fc273a2f35c44e779bb9eff2efa61a416bd11cf89ce73119de7ed7afe5fd11f4566d19bf19ce83c17d179deaee7bf89be1289456fc873a2f35c44e779bb9eff2afae45c5ed19bf29ce83c17d179deaee7bf8abe1d59456fcc73a2f35c44e779bb9eff22fa679154f4e63c273acf45749eb7ebf9cfa2bf8c9ca237e839d1792ea2f3bc5dcfcfb7118adea4e744e7b988ce739e2713bd51cf89ce73119de73c4f257ab39e139de7223acf799e48f4863d273acf45749ef33c8de84d7b4e749e8be83ce77912d11bf79ce83c17d179cef314a237ef39d1792ea2f39ce70944e739d1792ea2f39ce7f58bce73a2f35c44e739cfeb179de744e7b988ce739ed72f3acf89ce73119de73caf5f749e139de7223acf795ebfe83c273acf45749ef37c7877af3ddebc77f8e3adef7a2e3acf89ce73119de73c1fdab73b93bfafbbfafc498f45e739d1792ea2f39ce7c3baf3faecda3b5ff455749e139de7223acf793ef46afbeadbab2ff454749e139de7223acf793e94839d77d7efa7e83c273acf45749ef37c683fbeef087d149de744e7b988ce739e0fff07fafb99ec9fe83c273acf45749ef37c7837861ca56fa2f39ce83c17d179cef30fb45faa109de744e7b988ce739e7fa8bd5283e83c273acf45749ef3fc433d1d940a444fe079597e1a44e7b9882e9e8fc8f358fbd0d1fa227a06cf89ce73115d3c1fa1e7f1b4f45ff41c9e139de722ba783e3acf23767b2f7a16cf89ce73115d3c1f9de7f149e9b9e8793c273acf4574f17c649ec766e9b9e8bb99ce21d1792ea28be7a3f13cae959e8b9e2ba2f35c44e779eb9e9f8c0880d349a2139de712d1793eb666ee8c08804785e844e7b944749e572ffaad4274a2f35c223acfab177d7a86e844e7b944749ed72ffa1ad189ce7389e83c273ad189ce73115d3c277a0ba2efeead5e9999595d99203acf45749ef39ce815b6b77cfc72fbf4f33f7f3afff4c9f747b7bf5c213acf45749eb7ed39d12b6af5e3170f86fdb91fcdfe1044e7b988cef3863d277a257d75fc2aceb9c4a2f35c44e739d1893e8e06cbeb17e2fc4b2b3acf45749e139de8e3e0fcf0d3e8474945e7b988ce73a2137d0ccdf785f3aca2f35c44e739d1893e86ff9daf479f4a283acf45749e139de8236ff2f95c04d1792ea28be744affaac3c9b8dde954c749e8be83c277a1da25f9caaf89c5cf92e82e83c17d1c573a2c7c5898acfc8c1371144e7b9882e9e13bd6ecf5fcf45109de722ba784ef4ba3d7f341d41749e8be8e239d1ebf6fc93b508a2f35c4417cf895eb7e70ba71144e7b9882e9e13bd6ecf07eb1144e7b9882e9e13bd6ecfcb6204d1792ea28be744afdcf39da5203acf4574f19ce8957b3ef52a82e83c17d1c573a2d7ed79b91c41749e8be8e239d12bf7fcebb5203acf4574f19ce8957b5efe1941749e8be8e279f3a2d7eef9b3ad203acf4574f1bc79d16bf7bc1c47109de722ba78debae8d57b3e380da2f35c4417cf5b17bd7acfcb7e04d1792ea28be78d8b5ebfe7e545109de722ba78deb8e8093cdf9d0ba2f35c4417cfdb163d81e765b99b212fad3f9ebfb97f78e9e21cd1792ea2f35c95899ec1f3f29f6e7e2aef8f114f2ddf9f233acf45749e13bd22d153785e3eed62c0dbd7cf5cc53ffc8ee83c17d1794ef45a44cfe1f95e27baaebcb5ea60fe49f3a2f35c44e739d1eb103d87e765b38be9de7877ddc97bd36d8bce73119de744af43f4249e77f33beefbefbddbae69d1792ea2f3bcd226be3a583e3c3cf9a5c37b0f775677b38b9ec5f332dbc56c570bd1792ea2f3bcf616f68f6f5d7df7f59b0faede3a5e5e1d64153d8de7e56e17a31d328d7645e7b988cef3ca5abdfde2c31e6c6d2f3e7c9650f43c9e0f96ba98ecb073dcaae83c17d1795e9504af2ffd6f0f3c5d78b2f8682a97e8793cefe626f72197dc9b159de7223acf2beae0d247ffcfb6bb757f7e378fe8893c2f079dcc75bf109de7223acf6bbc03eef6abbfb0f1be989fca217a26cf3b7ad5da62213acf45749ed777917663eb2f6ebd77366612889ecaf36e1e438ff542749e8be83cafed3eb81b7f6b7fbeba3955b9e8b93c2fcf3b19ead675a2f35c44e779552ddcf8db37453f38feba66d193795e4eba19ea66213acf45749ed7d3f5c75b9d7c9d3b5aa956f46c9e7705fa6c213acf45749e57d3ebce5ea1357d63af4ed1d379de15e84b0b44e7b988cef34ae48f513700002000494441547a76ed42871bf0f4d14285a2e7f3bc5cee68a4c785e83c17d1795ec7e34d0f3ade81b716776b133da1e7e5b0ab894e109de7223acf2b68eae842f75bf0ddcdc9aa44cfe879478fadfddce3d2bae83c17d1795e417b1747b3075f9da948f4949e97875d0df4ce44e3a2f35c44e7790d9bfe37a3da83978e766b113da7e765a7b381fef8137bf7f3d3c6950070bc7be865f7b0da53a576a5adba3d567b9887e740ec244e80981f310483c20f0788a9b1c0fc504088024242b20817c409217140b920e5dfdc268534698ce7fd9c5feffb3d9799a91dbd8f67e6cd9bc06bd1f19c101dcf33d0ebaac34178693b1ba2e7d4f360c2dae73953f359743c2744c7f3f4170e381e85df5d6440f4bc7a6ee9f5a912cfa2e75b743c2744c7f3f4375916aebbda4dbde8b9f53c08aeec7d9e43de8a8ee784e8789efe0a2d114303a5748b9e63cf83bac55f66179e8a8ee784e8789efeda4f452c1d0da759f43c7b1ed8bca3b21a78293a9e13a2e379063cbf113135789262d1f3ec79f0dae6c7d9f451743c2744c7f30c5c6f5f14f135554aade8b9eebdd5e5ff6afe898ee784e8789e81f9702d11678b5b889e401756d7007c5af24d743c2744c7f3f4572a8b785bd843f4043ab07ba125f04b743c2744c7f30cf44ec4dda326a2c7dfaadd4ff3d22bd1f19c101dcf33d0b948a02721a2c7dda5e5d57c5f7a243a9e13a2e37906daee4b0274b15a42f4981bb6fd61d6bc111dcf09d1f13c0ba3fca048a6f224a2c75bb1dff2877930e189e8784e888ee75998e07e2392aa5540746b3d9478303cb8b6be4c505b62afc722eba2e339213a9e67a129915c9d0aa2dbf2bcff46e2bf3ab1fe618e492cc5d35ec9b8e8784e888ee759685924d9fc16a25bf25c089995f0ec4f97a84f46eff6adfbe507d7f09c08d13df7bc329d28e862690dd12d792e1a12ffa1830501cbd1a24fb8be8b2e9ee03911a27bee79b02f12eeaa86e8763c170b124bb7b9b89ddd8abeea3e8be744888ee76e1b12891731511ad1653d17623cfe07d7fe980a1139336ed7edbfa1e7784e84e8be7b5ed8481ef4a889d2882eebb9d897f88f9d3cd3301ff5f45ab880e744888ee72e7b2bd2d0d8666fd1a7115dca73712af10cd9999ba910511fe6009e13213a9e3b6ced3415a08b7a09d12d782eb5b87acdcdb2802b43bd773b8ee744888ee7799e1177d77e88e8163c171d893f70f4a2dcbee362cfdf11784e84e878eeae1d919a22dec4e948f472ce3c17e261f45f345d7d87d7bd26bb17a7f19c08d1f1dc59e5f4802ece1310fd69216f9ecbf036e96ce581919d1ebb1dc3732244c77357ada7c87351dd8e5df41c7a2e36c2e83f6ab8fb12cfeedffd219e13213a9ee7fe0efa1f6b773e8c59f43c7a2ec4b6c45448876fcb6dd562bd1c84e744888ee7eea63beb2f30538855f47c7a2e5613bed5327876cf130b1d3c2742743c77d47391b20e8b318a9e53cfc5cc45f41fbe72fbc3ec7db77d9666f09c08d1f1dc4d930b69035d9c05b1899e57cf85988bfecbe291e38710bb3c0e3884e744888ee78e6aa6ce7351dd8b4bf4fc7a2ec624fe76d9f117d9f715e9a5233c2742743cf7e099b5bbaedaf1889e63cf859078317878e0fcab2c2f4f7ebec35ff19c08d1f1dc51ed6a0a418fbc8d6e47f45c7b2ef526d19318becbe917bb77f7f31fd7f19c08d1f1dc550f442a8b5c8cdc82e8f9f65c5c493c8a1ecec7f375cecf8e9eff36e56067784e84e8787e573d9da0afd49c8b9e73cf857825b1857191e9f09c08d1f1fcae4dddf7ac553be5d5d9fad18caba1ba153a163df79e8b59894d145b788ee744b911dd6bcf835d4d6ec76f392cad5f96dddc857f1638153dff9e8b4199ffc51d3cc773a2bc88eeb7e77aeb795f7df95859bbe9e2346fb0e652740f3c17e2446633d7788ee744f910dd73cf831b8d8174acf2352e538fec3ff014b813dd0bcf454b663b6b553cc773a23c88eebbe7058dd17ca4eb43e2130debb7d3979d89ee87e7a2af26b3a5013cc773a21c88eebbe7c14b8dd9708fefd9d6c494e573bd8d8223d13df15c8863994db517f01ccf89322fbaf79e07e7ea23698fb9d38fc7e21fb43544f7c673b114ca6cac89e7784e9475d1f13c58551f4a7bbdaebcd8b47ab6775a7321ba3f9e0bb127b3b5621dcff19c28dba2e37910a8bf2ae3aaf7062bb336c7edfdc0bee83e792ede496daf36980ea6fbf09c08d1f15cb3507d248f5cad64dce649fa9e75d1bdf25cac6cbabaf3e2a2d1533c2742743cd76b4b7dd08d9e6755b1f8feb6b1c0b2e87e792e4453ee875d2715a09f8c9fe23911a2e3b9567b2e16700b8acf4ead8df1db7645f7cd735197da66f1712a1e466f0432a2e33911a2e3f9d70da90fba7332dbddb9b235c677429ba27be7b9e8db92dbecf33480de0a2444c7732244c7f32e5daa0fba67521bae589b383d1ed813dd3fcf65bfafa0f43405a0f707d1a2e33911a2e379b746d507dd01c9e9760d4b83fc62604d741f3d170745b92dd7dea440f442a4e8784e84e878de358d553febb2db7e60e9b6ec7b5ba27be9b9103b92db5e4e01e81f1721ec253a9e13213a9e77ef9dfa98fb2694ddf84b3be77cd2bf202244f7d4733125bbf517c9833e14f4161dcf89101dcfef4967159861e9ad3feeb777da662cbaaf9e8b3793929bdf9c4f1cf4db1997f7898ee744888ee7f775a831e83e93dffcda928d517e2ab020bab79e4bbdb4eef6e39b491af4bb450eba8b8ee744888ee756416f296c7fcbc649df60db5c748f3d9779affc6d274983fe69c66537d1f19c08d1f1dc2ee8d58ac20e2a36962053b826708fe83e7b2eaa132e27495aedcf7585bf161dcf89101dcf2ddf4317e72a7b28b4cc87f9f9c05074af3d57f9c2c284dfbb7618dc2b3a9e13213a9e5b077d2454d9c5a48595dd77cc44f7dc73951f4485834441fffceec097a2e33911a2e379cfa61caeaffe4974f373f4a9c04474df3d17625d611ee37492a07f313fe373d1f19c08d1f1bc77a3e6c3aec459df98e9382ffde45537d1f15c7675bf8fbdaca605f4cf44c7732244c7f3889ee98dbb7b8aa21fc5b4a07b37d1f15c88e992c2dee65272c9fd33d1f19c08d1f13caaa6e3c5db6e9b307d1e7d36d0151dcfff5c814db2045fbc761874131dcf89101dcf23dbd51c787715f7533334e94d4953743cef0a65cf8a538981be1a74111dcf89101dcf25a640e9ce9b0e1577b43e6836d2abfe82b8151dcf35d60e08c2d9a4406f045f8b8ee744888ee71295fa3447de4bd53d2df7591ee96544c7738db5793efcb3384c08f4e32e1f009e13213a9ecba47b737bbaa2baa763a391fe20d0101dcf3f75a4b6dbc9841698998bf5c3c573a20c8a9e09cf3787b75f8f0e5cd7178f463ed4592cef0f1c5f2eaf579ceeb56eed6e67e49dd955a3a1bea62e7a19cfffecb1da8ecd1f35d4ea159e13217aa63d0f1f361bad8d7b07b995cef5f1502d74b3ef86f6d8bbadfc8be5c664a87f1078983dcf95ef59b43b49805ec3732244cface7a5bdb3bad44b2b575acfb7dbf6f7afff7eada50be519782bf13db886e77fa95ff139012b8bf0abf628c4732244cfa6e7950765b5c9dff3534317760f61dde22346910d198cf523781ee7da3c1faea89463077d11cf89103d8b9e579eb57416d9ac8e1daf17ed1dc5a4c1429fcbca7b33793be7049e1bb5af7ef5683f6ed0a7f09c08d133e779b8bb7faa3fee2d35f6ac5d9b7c6ab0dacb96f249df7c8c679878fe45a7ea376c627f1efd04cf89103d639eb7cfae8c6f8936d6ed1ccb5b932ba4aaf7658375fd9f31c7786ed6a5fa41141bf1825ec3732244cf94e75b8d152ba3dffcd99685a3198af712e9598c978cf1fc8b3a3ac771dc17a3e723784e84e859f2bc366beff594d5f2b8f1a5f78ad188dd54be2f7b93f6d13eaf9e0ba1b5e6daf2607ca037f09c08d1b3e379bbf1c8ee18b87466baf0cca2c9ee07952ffcef68ff9ed9c473b3f416455fdf880df43d3c2742f4ac783ef9db1b07cfeefe3a6c7450a3467bdf509e7cae3dd37d18cfcddad0bb9c3311d712331b219e13217a463c7f7fe068242cbf3278906dcff0ceeca4ea458ae9b896a6c3f3bfb4ab773c9bd7f180fe16cf89103d1b9e575c3e03b4b8ad4d7a386db6eb43d5a9eeafe39ba58de7864b01dd4e761f8d636a5c5f0dcf89103d139e2f4fbb1d0e3be3baa4bf30dcf3ace295d2703ec5277079f65ccc682f3338bee01ef4329e13217a163c2fc4b0444747f38aeaaee98e07547fdbe8ede61d9e9ba6ff869b2df72bbbefe13911a267c0f3f591586e42d6b5169b29195f3b188de514fd10cf4d1bd33fb0f0b8eaf81f2f9e13e541f47fe4ddf3cbaa88a7beebb504aeb90b711ec729fa189e1bb766706c7b574e0f6d07cf89f2d02f3fd9f5fce7efd3e5f96b115fd5e705e5e3db31ff21a1b60877498b86033c37ee89c9d1b50f1d1ed92c9e13e544f4bfd9f4fc5f1e7bfe7bfd4dd5c7798be63704aa6a6f5e3bd65a4307cf8dbb327ad4bb78e26c66e7ca049e13e5a46f7fb6e7f98fdf78edf98767d8546fa59f59b832a0b408ec96ce3d882b3c37ef95d921565c3d927e82e744b9e99fffb1c4f977fff6def3df756da85d779fb0708fbf6f4e658f758d3d4ce3790aae6c8f3bb9937e88e74479ea87ef6c78fed37ff1fce3d9acdadbc3576d4cc85399193707e889782e060ba6c75918b0bfcacc521bcf8972d5dfff67e1f6f9b7787edbbeca4b5b76acecb2217f8376426772009ea7e3daf6ce8ded5f190ff19c28677dffa3e9e5f61fbec1f34f2da8cc53eb58d9e5aafc2ab01acbda2fe1b9855a160e363cb17addbdbafd7ff6eee6a78d248de378665f32bb3b5ae5e532c942de94492633b3d14a4f411f0083cd18f36e1c1ba49010e2e01804065b802cde848484482e112784c401e582c4bfb9d9ddd9dd84407775d5537651f5fb9ec12e37880fdd5d5d05cf1172af875a73e3eefd02cfbfe858fe24bdc4a485f4a5538595f336e139c79d119615d3abebb37c232ac37384dcbc93aebcc8ccd5a757e0f9d98bd4d277d203a6a5ec8606cd1d9b5d78ced10ecf902b334cab25653be13942ce5e77579a1cf75deb15787e4ee9bce4603b99de70597241f9b1f82f9d82e72cff7371ed3a5e38e6981df73c03cf1172b75feec75edcfd9bd6bfc1f3f33b919c6f94e7ba2b9add910243611ade4778ce12df26288393da67e94babf01c21a7fb636bacb560afb628be8f079e7f3a037a23b7adea0bb6774cc9dc48ef8effbaa3f09c25ce7f8c0ae93ebd491739788e90eb5d6bb92179e5fdbb7b4fafc0f3f0b971528f1e27f836842b4a9c032a9ca1bf81e72ccd5639875fd92f2a8fa4673d80e708797133bde546f4736af71ea9bf812f9e0bb12975d9bdccf81cd270e41fea95f8af5a87e73c31cf2a0f325b6a57de4706099e23e4cda5f747f7af5e78a2fefd0ff79f5ebb02cfa516ee90f9131e6c33bee3eba8bfd50acbc72fc0739ef8771eaf7d88bfae40b1d405cf11f2ec44fd51ebbd1fbebca5fefd3737eeb73ed47c5d9f3c17728bb89d72be61cf4ef82233a9f8a7fd013c677af0bb66e0932c8ec6baf4be594e103c47c84fd6fffef0e9a396d69696474ffff23b8e17f4ccf34f67651233d53678e7d787dd49cff5c47ebd97f09cab0f463e4cb0b8f35aee41b6ecd64a03fe3b83e708f991779e0b31147d237de13df36cbc8b17257b87a7d69ae7b9d83476b17ba0341e35b9323bd79f6bc4c185e708c173473d1762367ad9b861ee7bf7bd175c17482a3cec7408cfd932faf0776e6c38357d01e627e952a53107179e2304cf9df5fcd35fd3c8e7bef243ecff459c4b7a45e549a74578ced6b8f10f5759dd1b7e9bda2e4efc674645c7e6dce4f0de62b56107179e2304cf1df65c666a5cddc00cfb675f493cb8a9f23a0978ced672be719f33df8c830bcf1182e76e7b2ec456d429d2bc89777dbdfff9cdf46abfd2465d2978ce58899c0e9e2304cf5df75c8891883b98952533ef7b922e270702cae73233d36aafd00fcf1953faf768ad0b9e2384e0b935bd8c780679cce07b677b34be79109e73fe2814269af78b775df01c2104cfada918b1e0daa49dc31eea82e79ced2b782e2e87e8f01c213fbae6bde7424c874f173f285a39ea5e78ce7ba546c5f34b213a3c47c813cf6fc2732196c39f425ecdda38e8243ce76d51c5732166bae03942089edbb3c44cf8f6a61f2c1cb24bebbeb6334d3c3cd2faeeb492e7d68b0ecf11f2a427f0fcb767ba5f857d9460cabe11ef3b043aedf34c54cfe9cc3114130925cf2d171d9e23e44977e0f97f7b1ebab7f8c0916de3eda9b8043aa5393ccfd3b1d60b64d43cb75a74788e90273dbe0dcfff2ffa69e86df41ecb863be994e7146c70784e19ad57d852f4dc62d1e139429ef48f07f0fcf3abeea1f7d10f2d1bedaa5ba053759bc1734a4c683d8a3ea0e8b9b5a2c373847ce9263cff72665c2892cfac1aeb1cb956aea8ef39d1b8d68bf4ab7a6ea9e8f01c215fba0ecfcfce8a0a7b702961d5c4b857ce814e8313fa9ed39ad651dd56f6dc4ad1e13942bef487dbf0fc6c1d616bc65536ed19e8afe4606b3dda9e53a0779e9f54f6dc42d1e13942de74179e7f5d316c41ef850e6bc659771174ead4f69ca857ebb8cea87b6e9de8f01c216fba05cfcfbde81af634d8e28425a34c919b0d6b7b4e837a976812ea9e5b263a3c47c89baefd04cfcf6d241f7651b8cf8a3166bb1d05bd6b52d773a25dad433ba6e1b955a2c37384fce90e3cbfa08d20e4d3ad58b1aafb38b99acaccc32f3d8f2037f2a7afe3b945a2c373843c3a41ff2b3cbfa877619fafd4d6fc014e0f380bbac2ccc3339e534eeb7faef7151dcfad111d9e2384137478feaf3ac33ee18be68faf440e57e8d0f39c48eff1c2432dcf2d111d9e23e4530fe079c82dea95b0cfb8deece16d91d32df6e9794e65ada3bbabe7b915a2c373847cea3a3c0f6b7930f4ba6b73afba2fd7dc069d326d5a9e53bbdeccc56e3dcf2d101d9e23e4553fc1f3d0360fc23e67b9a933e34ae47afb5a9e13cd6b1ddf514dcf9b2e3a3c47c8ab6ec1f3282982d073c8266ebd364eee97d6f29c56b40ef052a0e979934587e708f9d5cff05c6baa3b9dce366b5c27f9cbef752eea0b24f752bdc0734a4c6b1de2baaee74d151d9e23e457469e5973cbf3a82bdbab4d5a336e62e1f27bdedd11f921a4f6524de575cff0cf6f5edbf3268a0ecf11c21577787eb6bec170958e9a32ffbeee82e76238fa24bea8e139ad6a1de4e707da9e374d74788e906fdd85e712bdac8693b3db84311d3ae1b92806915f16b9976a88e7d435c4bb0e81cae2734d111d9e23e4dd15f7db97c7f3e9a9f4617d3559a8d5926b99bddeada106ea391f7159f8b8e19ea7ddf05c6a37f788bd5453a1730986b50ef30883e74d111d9e23842bee967ade375ffefa91ebf6d5f5a946ed90f22262ead670831f483f0e1cf15c4c4a7c69a7bae7b4a077a017183c6f82e8f01c21ffba73293c9f2b5d78c93b7f3a5a6c04a011b7d189c6961bfa285dc215cf455fbbc4170f2b7b4ef45aeb48f77278de70d1e139421e76d37ecfdb8e2336080dd6d2d3e6098d7c466ce1a4719ecfe59df15c883d89afbe782fd548cf357f278f020ecf1b2c3a3c4708b7d06df47c2a29f1bec1d8947144236f5a579f35caf39176873c1773325f7fd15eaad19ed380de627eaf583c6fa8e8f01c211f7b6cbbe7d325d93f83c98fcf0d33ba12398652632ebba7aa2e792eda0a32df71fe5eaa129e13a5b48ef6248fe70d141d9e23845be8167a3e1567b7ef815eb333e4962a9143a8cd35c0f38d84539e0bb123f53de7eda52ae53995f4664fb4f378de30d1e139427ef6c4f2ebed43b95823189831bab0fab1c4b5ff7de3d3ee9f058e792e86e43ed1d77ba9ca794e55bdc579f7983c6f90e8f01c214fe39c13d76f42af98a2536ddce4ee67329b9b0dfe6a94f3ec3eb9e6b9106b72df77762f5549cf8926f56620f2fd76374074788e90affdd972cfe38b4e498357bda765ee0004fd06776b991d73d073f151f23bf7d53ca7bade631605bedf6ee3a2c373847c8d71927bbf29c2628bde55ee3077fb5aee32c186b183d1eda2e7625676965f5ac9730a96b48efa0ee36fb761d1e13942def6a3fd9e2b884eed33c6aebb67e446b0b269e4dde7db9df45c88b2accc1b2a9e13cde8fd0672fe761b151d9e23e46fbf67fb4bf2a2cd26d169cdd43aef4792a426faf9f754eddb23473d1753b2dffebfbd5463794e8bc29a46e13942c8448c2bb95b267afb78b396973136e37e64d059cf45b626fb02bfeda51acf73a24d788e1002e8975474aa2f19194adbaafc8cfb8f8c57fefbde04ee7a2ec4baf44bfc7b2fd5b89ed307788e1072bbebe4b0e803665683dd8e01ebc22417e9a902b9ecb9d894bfb3bcd613df732ac073841040bfbca21bdad2f430ce186a698e8566765f91db9e0b217fe1833ae37b4e3407cf114200fdf28a4ef509032399a8c41ac3c08723cd372c9603e73d17e371fe5353f9dd84e70821807e9945af6d1b18c978cc4104259dd3c3cd7282dcf75c2ce7cdbe7be53d3c4708b9dc2d725df46a8a7f20d964ec612cf42a9ea6cf95dc383b8ff25c6e595d9db6e0394208a05f6ad18334ff40a654c6719a8ebd80dd6cba9bc813cf45caf0004af01c21e4728fc97dd1e90dffb27175a54313accdc4781cbaef3893277f3c17d99cd911e497e13942c8e17e241f44cfb0efa97aa27c1dbcd0792cf37cfcd078a64ae493e74298de46ee233c470839dc35f242f43afb1ee5659d035428cfcc5d7cbaf87e375d2e905bc9782e4e0c0fe2149e23845cee811fa2af716f687aa47d35bc567f317a3c32f419ec4b27536fd733dd7972ae6eb9d9038b6647111cc1738490c3dd243f445fe47e20fd908d99835ce1539583805c4dd273f965f2151b85e7082187fb993c113dc92cfa529e10afe762daf003f749788e1072b83be48be8abccf7d1fb2135b3e7d29bcd2b7702cf1142ee76cbd45f9a4eeb443fedc129badd9e8b2dc3635987e7082177fbb6cb1fd157789f473f04d6cc9e8bec80d9c1d4dae03942c8ddfe44fe885e621d513100d7bc9e9bbf8f3107cf1142eef6843c127d98750c2578cdecb9d8363c9e3d788e1072b75be491e85d939c43d8ed82d8bc9e0b91343ba0831e788e1072b66fc927d113acd75c5f816c66cfc58ce1211dc3738490bbddf44af4ca10e30852309bd973d161f851f40c3c4708b9db75f24af424e3e3e86d0b509bd7732156cc0e2a3101cf1142ee5e73bfed97e89cf3a2de816d66cfc586e1618dc3738490bbdd25bf447fcbf7fe1355c0cdebb9e8a9fc93bdbbf969234903307e9895322bcd28a3b9cd610f73d99dd9cb4a55711fc00e9800c68138c410051226e14336c27c095bc87c28522494e41271429138202e48fc9b3bd9ecae2619b0bbbbdeaa76553fcf39741785949fddddd565775c5d3c2722aeb987227afdb5dcf9df22b7ace7d6dfd7132de3391105dbdd9f73267a4bee36fa2be816f65c9f581eda189e1351b8fd4de54cf415b9d357c15bd673eb535ac573220ab73bdfe74cf4e29217ff73e7d373eb537a82e744146ebfa89c89bebb2775f26d5ee82eecb9f529ade0391185dbbf7eca9be80db193b7015cd673adf7ed8e6fb686e744c457f4604497bbe8be88e0c29eeb0dcb235cc273220ab73bdfe54df4aad4d7b4661dc3653dd70b677687d8c073220ab81f54de447f2475eac7202eebb9d6c376c75898c073220ab86ff3267ae15ce8cc1b282eecb99eb13cca0d3c27a280fbbbca9be86b5c731f50cfb5b6bce94d1bcf8928e47ec99be891d47ae47d2017f65c4fdb1d67e9259e1351c0ddfd356fa24b7d4f1b477261cff5b2e5a5e8e3784e4421f7cd4f79137d46481f2817f65cebdfec0eb583e74414743fa89c89fe8cf7b90fa8e7b657f7171fe2391105dd3ff326bad01b464ed15cd8733d51b03bda693c27a2a0bbfb63ce4417ba8b5e867361cfad6f34dfc273220abb3b7fcd97e891cc95d73d366891f65caf5b1ef02b3c27a2b0fbcbcff9125d68e3ad2d3c97fe33de9bb33be2153c27a2c0fbc777b912bdd0e426fa407aaef51bbb439eaae1391105de37dfe74a749905c9c7782eff57b47c1fa38ce74484e821892eb3207968205c8d76af870fc656c7dfbd395ddb3af3dc73adbb7647bd86e74484e821892eb42079376bcc0bfb6333235f7ec8b858198d3cf65c5fda1df64e13cf8908d143125d664172b65ba8eeac1d8edc38acf347a3de7aae9b3b7607be88e74484e821895e1539dd58869ccfadf6faae79d528f9e9b9d60dbbf3b68fe74484e841897ee4f7ab65aa8bfd1ed73eafd4bdf45c2f597ee4601bcf8908d143125de439f7f3ac6e9dbf8bb3fa6af9b18f9eeb9ae5271356f19c88103d24d127454e56c8c4f3b5b89e96e7fcf35ceb03bbb3b785e74484e82189be29f286912cde15b77399e0edb493fe79ae8f8a7627f008cf8908d143125de4adde0df79e8f26f368bcee9be75a77eccee0073c2722440f4974919be8d3ce3ddf4fba8e7afdcc37cff5bce5f501784e44881e92e8c31ebc05e586dbe7ef138ff16ad633cff55eddee24aee33911217a40a2773d5862f5a73ea699b3e539bf3cd77acdee2c3ec7732242f48044df14797ecbf1f7f3743376b4e997e7b6d7f76fbec7732242f480449778c1c842d1a5e7dd9194c39ca97be5b9aecdda9dc8633c2722440f48f41389b36c3af4bc9a7e5f91e3a24f9e5bdf697e0dcf8908d103127d49e2242d779ed7af0cc659f1ca737d65792af7f09c88103d1cd12f3c7bb38cd13abb91519f3cb73eaf97784e44881e8ee8f312a7b876e679dbf0f1bd924f9eeb71bb93798de74484e8e1883e26718649579e971e1a8ef4834f9eeb9776777f8dcef19c88103d18d12576ddd26f5d816efabe523db1eb91e7d63f293dc2732242f4604417b9e43eecc8f3d909e3a16ef8e4b93eb63b9fa3784e44881e8ce88b3e81fe4e607177cb23cf756dcaee845ee13911217a28a21f4b1c7dc58de7674d81b1ce7be4b9cc42bb1e1de03911217a28a2af4b1cfcd40de80712631d99f2c873fddaee8ceedec3732242f440447fea0fe8d17286ef5fcbc673ad47edcee93a9e1311a28721fa94c8a1dddc43ef64f8a5372bcff5aadd397d8be74484e861887e2d726437cbd6c685e6a1ea91e77ac8ee52f4b3113c2722440f42f4159103afb99899a214aa1f3cf25cebb6dd59bdc0732242f42044bff0019dcf55a56661c927cff5a1dd599dc4732242f410448f449e89d3cf9ccc8bd4244c943cf25c8fd8dd9bb6f414cf8908d10310bd9bd95de9e46d884d42c723cfb5fe9862ae2ae3b1b77e9fc7732242f40044177ace6cd3c5acbc109b83e73e79ae4f5278ae756cd1bb784e4488eebfe8f597322f282d3a9893e87d264bc132f73cc5f58fcaa79f8a2b7abfd5fd784e4488ee81e80d99236ebb98925db91938f6caf3c4a4563eff585cd1c7f09c8810dd77d1a3d732079c713123d77213f0c22bcff57694c6f3d8a257f19c8810dd755211990000149a4944415477d127858eb7e862422605858c7dd2c735911396cb463fbe9fcaf3d8a29fe0391121badfa247574287fbe0623e1a72bf7e33c1c70809d1cbf5b6d1cf6fa4f33caee8153c272244f75bf48ad4d19cbc286e58f0d72f3a15bd5c57d1b6c90116ced2791e53f4d91a9e1311a2fb2cfaee9ed4c1b65cccc647c1df3ec94d6963d17ff7bcdf9367fd1a4ee9794cd197f09c8810dd63d17797a40e55ab7b76c97d21d9cdfb9ab9e7aae5e4a9c31baeb9c411bd81e74484e81e8bde143bd26b277321f850dc4be54ef4f27f3fedac1b8db895d6f358a21726f09c8810dd63d1c57ae2642af605af4e2867a2ffcf73c30b0cd3060fb7c5107d03cf8908d1113dc11d5ea3aa72034ebcdd5a6ad1ffefb9da31ba22b21ca5f63c8ee86d3c272244477447cfc4a992dc44cc2b47a297fff074c113a321ff66b0f8acbfe8a597784e44888ee84f2327f3a096c5467caadc88fe47cf55c7eebb7b7aae41ec2bfa389e1311a223faa11bcf55596cc46de544f42f3c5745a3dde2260a069ef717bd83e74484e888fedc11e80762cbecce940bd1cb5fade63b351af45b13cffb8a5e7c88e74484e8b917bdea08f48ed4804fd29d3fa1e85f7baea68cd6b3af1b79de57f4693c272244cfbbe8cb8e3c57a509a111af2a07a297fffcb69d439341df9b33f2bc9fe82d3c272244cfbbe8ef5c81ae2e8446dc55f645bfc17365b643cb1b33cffb89fe0acf8908d1732e7ac719e842ef8adb4eff547e6cd16ff2dc708796879199e77d445fc1732242f47c8b7e1e3903bdb497f9258598a2dfe8b9e90e2d5d43cf7b8bfef90e3f9e1311a2e756f455e5ae719111df57b645bfc573c31d5a2e4d3def2dfaa7558163784e44889e5bd13b0e416fd504065cbef5f0f7174b22a2dfe6b9e10e2dcd1d53cf7b8abe86e744447916fdb57299c46371cf6ef57c48972544bfdd73c31d5a1ac69ef7127da789e7444439167dc529e85be6037ed0c3732d217a0fcf0d77685932f7bc97e8d7784e44945fd127ce9c82ae164d077cafd3cb7301d17b796eb8434b6dd7dcf358bba9e23911217aee44bf742cc36cd370c08bbd3d3716bdb7e7866fbb3b10f03c0bd1f19c88107de0451f756d83d90bd17573b68fe786a2f7f1dc708796a3a280e7ee45c7732242f48117bdecfce26d64f4a0f84dcf957de5b991e8fd3c37fd40d291f0dcb5e8784e44883ef8a2779d83ae769fca5f70ffc27303d1fb7b6eb843cbbc88e76e45c7732242f4c1177d4665d063834bd685389ea7163d86e7863bb4ecd5453c77293a9e1311a27b207a3b0bd0d587b4c31daac6f33ca5e8b13c37dca1654dc67377a2e3391121ba07a22fa96c4af906d889adb89ea7123d9ee7863bb494853c77253a9e1311a27b20fabdad8c408f52bd30ee7d3bbee729448fe9b9e10e2db55921cfdd888ee74484e83e88bea1b22aba4cb1606d3f89e789458fedb9e10e2da7529ebb101dcf8908d17d107d612e33d05531f1d7dca1ad649e27143dbee7863bb45c89796e5f743c272244f742f4699565cf179239d84aea7922d193786eb843cb5645ee4f6857743c272244f742f4a352a6a0abd1a324ebb7ebc93d4f207a22cf0d77687921f9477c8ce74444b917fd5a655ce149dcdf7f6852a5f13cb6e8c93c37dca145b2313c2722cabde88b2afbba27b11e0c5f2da4f43ca6e8c7093d37dca105cf8988105dae078501005d45c3e77dd7d61ddf57a93d8f277af247fa5ee0391111a20f84e883e1f9ef951a573dbf9d2fdec6793ccf2d897e8ae74444883e08a20f8ce79fbeee76e76fdbaee5a432ab0c3db723bad90e2d784e4484e8e179fe9fafe9fbef1e7c4de4d3c34aabc78fc4f6dc8ee887784e4484e8998b3e689e7f5e0bd66d4c5f945fbd7878b25e9e3f9dac463dff7502cfad88dec673222244cf5af481f43c59893cb721bad90e2d784e4484e8789edc731ba28fe1391111a2672a7a1e3db7207a0bcf8988103d4bd1f3e9b905d1d7f19c8808d1b3133daf9ecb8bdec073222244cf4cf4fc7a2e2ebad90e2d784e4484e8783e18a23fc173222244cf46f47c7b2e2d7a07cf8988103d13d1f3eeb9b0e899ecd082e74444888ee7c2a29fe2391111a2bb171dcfa54577bf430b9e1311213a9ecb8b7e88e7444488ee58743cb7207a1bcf898810ddade8786e4374b73bb4e0391111a2e3b91dd1c7f09c8808d11d8a8ee796446fe1391111a2bb131dcfffcdde1df5b471a50118fe03fb6bce105f24b0041a080ac4297122360d4d50a86b150ca8b6d0ae83902245e16ae52b84940b941ba4fccdadb4d276aba40d3e33639fe3799e7b7fc7f2cdabb1c7f3d556f49e9e0328fab48aaee7f515bdabe7008a3ea5a2eb798d459fd286163d0750743dafb5e8db7a0ea0e8d328faf47b7e7cb9d1e9744e2e2f5b29f7bcaaa20ff51c40d1a750f4a9f5bcd539bdb7f9a27773b4fcfbe1cfdf6e8dde3c5cbf7f9c62cf2b2afa1436b4e83980a24fa5e74bfdab9f5eaffdc5bb683f1a6d0e0e53eb7945451feb3980a2d75df4fa7bbeb4b3dafbc7eddecca34fdd8d88132e6a6c651545af7b438b9e03287add3d3fb95a599bec1ddd3c1e4efacb7a6b3bf1a28ff41c40d16b2d7abd3def8cbf8b7a77470f765a7355f4819e03287a9d45afb3e7c7dddd12ef6cef5d678e8a5ee786163d0750f41a7b7ef0a0ece3541676d75b7353f4553d0750f4da8a5e5bcf174f572af943dddef8724e8a7ea0e7008a5e57d1ebea79ebc9fbca7af5ebe6e17c14bda7e7008a5e4fd16beaf9e2fa79a5c9fa79f5701e8aded5730045afa5e835f5fc9faf2bafd6f3f1d3fc8b5ecb86163d0750f47a7adeb9ae25a67bfb8bd9177d5bcf0114bdfaa2d7d2f3a577cb75d5b477907bd1877a0ea0e89517bd969eefd4b98364f9dd52de45af7c438b9e03287a1d3d3f7eb650d4ea653fefa28ff51c40d1ab2d7a1d3d1f3eaa7ba358d1fe772be7a257bba145cf0114bd869eb736dbc5146c75722efa48cf0114bdc2a2d7d0f38d5e311dcf0719177da0e7008a5e5dd16be8f9f0a8989685d556b645af6e438b9e03287a0d3dffa15d4cd1ee65b6455fd5730045afa8e8d5f7bcf5a698ae979d5c8b7ea0e7008a5e4dd1abeff9f1a898b6bbc35c8bded3730045afa2e8d5f7fcf075317d6b834c8bded5730045afa0e8d5f77ce3a69885f67e9e45af60438b9e03287af53d3f795bcc46fb439e45dfd67300452f5bf4ea7bded92b6665e1872c8b3ed47300452f59f4b9eaf96f45efe658f4921b5af41c40d1e7ace745d15ecfb1e8633d0750f432459fbb9e17c5728ef7ba97d9d0a2e7008a3e873d2f8ab5fb19167da4e7008a1e5df4b9ec7951ec7d9f5fd1077a0ea0e8b1459fd39e17c5f99dec8a1ebba145cf01147d6e7b5e14d78bd9157d55cf01143daae873dcf3a27818722bfa819e03287a4cd1e7bae7457b985dd17b7a0ea0e8935b9feb9e17c5d1466e45efea3980a22720ad9e17c5286456f48937b4e83980a2cf7fcf8be2436e45dfd6730045d7f32ffcdcc9ace8433d0750743dffd2ee625e459f68438b9e03287a437a5e14dd9057d1c77a0ea0e87afea5bb877915fdf61b5af41c40d19bd3f3a2d80e79157da4e7008aaee75f5ab89f57d1077a0ea0e87afeb5fbe2425645bfdd86163d0750f486f5bc280679157d55cf01145dcfbfe2652baba21fe83980a2ebf9d7ec87ac8aded3730045d7f33297e86914bdabe7008a3e073d6fdf9cfdb43afecdc58bdd8f53be444fa2e8dfd8d0a2e7008a9e7ccf5ffd72affff40fcf5939dd7c5f7eeccd625645dfd6730045cfb8e74717c3af7e377e72755376f44ec8a9e8433d0750f46c7bbeb2fee7b15bdc192d941a3e0a3915fd2f36b4e83980a227ddf3b3fe37ceea6f95fa5dbe9355d1c77a0ea0e839f67cab7f8bcbd62747254e781c722afa9f6d68d17300454fb8e7cfefddee6f651b67257e9f6f6555f4919e03287a6e3d3fdbb8ed918b57ede8530621a7a20ff41c40d1f3ea797bbc38c1a983b5d873ae434e45ffda86163d0750f4747b7e349cecdce1abc88396ef6455f4553d0750f48c7afea833e9c9fdd86bf4fd9053d10ff41c40d1f3e9f9fb8dc9cf1eb4a7f29dfbac8bded3730045cfe67eb8f598d3afe2ce5a3bceaae85d3d0750f46cfe7fbef663ccf9d7d3b8cf7dd645ffc386163d0750f4b49ff71a55f4c3b81d6c6f425645dfd6730045cfa5e791453f8ddb8a1eb22afa50cf01143d9b9e47167d25eaa893ac8afebf0d2d7a0ea0e8e9f73caee87f8fbad3bd1bb22afa58cf01143d9f9ec715fd45cc410f425645ffef86163d0750f43c7a1e55f47ed4bfde435e451fe93980a267d4f3a8a2c76c476f1fe755f4819e03287a4e3d8f297a37e69861c8aae8ad233d0750f49c7a1e51f4cb98dbe2ee85bc8aded7730045cfaae71145df9dcea3659278aebb9e03287a263d9fbce80f23ced80d8aaee700cd2e7add3d9fb8e831f7b91f0545d773804617bdfe9e4f5af4a7313fa23f55743d076872d18fa7d0f3498b7e1e71c24150743d076872d1ef2d2457f49825aa9f83a2eb3980a22755f437d37a9afb9c155dcf01143da9a2ff2b62fc3834bee87a0ea0e86915fd43c4f4c7a1e945d77300454face8fb11c39f8586175dcf01143db5a2c704fd3a34bbe87a0ea0e8c9153d26e867a1d145d77380f48bfeb7c615fd2a62722fa45ef4ae9e03287ab38abe39aba0d759f4553d0750f486153da6aaef43da45d773001a57f49588b1af43d245d773009a57f4bb33fbcabdaea2eb3900cd2bfaf7c52c835e47d1f51c800616fd3466e65948b7e87a0e40138bfe3866e47548b6e87a0e40238b7e1333f15948b5e87a0e40238b7e9240362b2cba9e03d0cca25f45cd7b18d22cba9e03d0d0a29f27f160d58a8aaee70034b4e8fdb8693b21c5a2eb39004d2dfab3b8619d9060d1f51c80a616fdfbb5a8510b352c272d5d743d07a0b1457f1337e9631d1f42c9a2eb39008d2d7ae4057ab112922bba9e03d0dca27f8a9c7311522bba9e03d0dca2efc48ef910122bba9e03d0dca22fbd8c9dd20f69155dcf016870d11fc7ce585e0a49155dcf016870d107d1c76dd5f82144145dcf016870d14f9e474fb80829155dcf016870d1ef9cc70fd80f09155dcf016870d19776e35fbeb011d229ba9e03d0e0a29f5e9778f579dd1fc20445d773009a5cf452875c84648aaee70034bbe8659c86548aaee700287aac5f97422245d77300143dda8ba97c08b728ba9e03a0e8f1d6431a45d7730014bdc41df2c72189a2eb39008a9efc37eedf2cba9e03a0e8657c0e29145dcf0150f432f65a2181a2eb39008a5eca6608b32fba9e03a0e8a5b44fc2ec8baee700287a39bf8430f3a2eb39008a5e523fccbce87a0e80a297b415c2ac8baee700287a598330eba2eb39008a5ed6fbc530e3a2eb39008a9ee705faff175dcf0150f45c2fd07f2fba9e03a0e8e5ed8430d3a2eb39008a5ede5908332dba9e03a0e8153c24ee20ccb4e8eb7a0e80a2977711e6969e03287a638afef158cf0150f4ec8bfe44cf0150f4ec8b3ed27300143dfba2bfdad07300143dfba2afeb39008a9e7dd13fe939008a9e7dd11fddd17300143df7a2afddd77300143dfba277f51c0045cfbee8cff41c0045cfbee8bd253d0740d1732ffadb433d0740d1732ffadd8e9e03a0e8b9177dadafe700287aee455ffeace700287aee456f0ff41c0045cfbee8ab7a0e80a2e75ff4b51ff51c004557743d07fed3de1da4b60d8401185da460176222b472161278e3d4dee4025975dbe3f4fed00b9492c6c2d267de3bc2bff998d1cc08145dd1f51c004557743d0740d11fb3e87a0e80a2eb39008aaee87a0e80a22bba9e03a0e88aaee70028fa23145dcf0150f47ed1f51c0045ef175dcf0150f47ed1f51c0045ef175dcf0150f47ed1f51c0045ef175dcf0150f47ed1f51c0045ef175dcf0150f47ed1f51c0045ef175dcf0150f47ed1f51c0045ef175dcf0150f47ed1f51c0045ef175dcf0150f47ed1f51c0045ef175dcf0150f47ed1f51c0045ef175dcf0150f47ed1f51c0045ef175dcf0150f47ed1f51c0045ef175dcf0150f47ed1f51c0045ef175dcf0150f47ed1f51c0045ef175dcf0150f47ed1f51c0045ef175dcf0150f47ed1f51c0045ef175dcf0150f47ed1f51c0045ef175dcf0150f47ed1f51c0045ef175dcf0150f47ed1f51c0045ef175dcf0150f47ed1f51c0045ef175dcf0150f47ed1f51c0045ef175dcf0150f47ed1f51c0045ef175dcf0150f47ed1f51c0045ef175dcf0150f47ed1f51c0045ef175dcf0150f47ed1f51c0045ef175dcf0150f47ed1f51c0045ef175dcf0150f47ed1f51c0045bf4fd17fe939008a9e2ffa4f3d0740d1f345d7730014bd5f743d0740d1fb45d7730014bd5f743d07807ed1f51c00fa45d77300e8175dcf01a05f743d07807ed1f51c00fa45d77300e8175dcf01a05f743d07807ed1f51c00fa45d77300e8175dcf01a05f743d07807ed1f51c00fa45d77300e8175dcf01a05f743d07807ed1f51c00fa45d77300e8175dcf01a05f743d07807ed1f51c00fa45d77300e8175dcf01a05f743d07807ed1f51c00fa45d77300e8175dcf01a05f743d07807ed1f51c00fa45d77300e8175dcf01a05f743d07807ed1f51c00fa45d77300e8175dcf01a05f743d07807ed1f51c00fa45d77300e8175dcf01a05f743d07807ed1f51c00fa45d77300e8175dcf01a05f743d07807ed1f51c00fa45ffade700f00045d7730050743d0780472eba9e0340bfe87a0e00fda2eb3900f48baee700d02fba9e0340bfe87a0e00fda2eb3900f48baee700d02fba9e0340bfe87a0e00fda2eb3900f48baee700d02fba9e0340bfe87a0e00fda2eb3900f48baee700d02fba9e0340bfe87a0e00fda2eb3900f48baee700d02fba9e0340bfe87a0e00fda2eb3900f48baee700d02fba9e0340bfe87a0e00fda2eb3900f48baee700d02fba9e0340bfe87a0e00fda2eb3900f48baee700d02fba9e0340bfe87a0e00fda2eb3900f48baee700d02fba9e0340bfe87a0e00fda2eb3900f48baee700d02fba9e0340bfe87a0e00fda2eb3900f48baee700d02fba9e0340bfe87a0e00fda2eb3900f48baee700d02fba9e0340bfe87a0e00fda2eb3900f48baee700d02fba9e0340bfe87a0e00f72ffa69e19e5ff41c00eeef6dd9a2ef77460a002bf8b65f2ee71fa39e03c03a5ee6c582fee3c5380160ada24fcbe4fc75304b0058d1f1b0c4f1f62783048055bd8f37f7fc6abb1d005637dcb6483f1d8d1000366077bde1ebf964790e001bf1f4d50b6cf39be101c0760c972fe47cb4db0e001b73fcdfd371f3d9d000607bcef3eba76b7eb8da6c07808dda0de3c7674ec2cd83a37000b065efd3f8ef6b6ccff3e0d9760008384ff3dfff967e9a078fc20140c8ee3c4cd7717f393d1f4edf2fe3789d8627fbecf0c0fe006d3bfc7c2e92fb3d0000000049454e44ae426082, 1);
INSERT INTO `restaurantes` (`id_res`, `nombre`, `telefono`, `direccion`, `logo`, `id_col`) VALUES
(2, 'Buffalucas Fuentes Mares', '6144206363', 'Blvd. Jose Fuentes Mares 1901, Mármol Viejo', 0x89504e470d0a1a0a0000000d49484452000000e1000000e10803000000096d224800000168504c5445ffffff000000dea763935b24ec373284593dfbf9d3e1a964965d25f03833e5ab66e0a964fcfcfc975d25875b3e040000f6f6f68b5722ecedecda322db0b0b0bfc0bfe43530daa36139220bd49e5e9b7241d7d8d7d1d2d1e9af68452e1facadac9d9e9d6c6d6c492c1082501f3f403fe6e7e68e8f8ec7c8c77273727f807f525352d02f2b1000005f605fbe8e552d2e2d7b5b36aa7d491e0000999a99b829257b4b1d2425245c3816393a395f462abb8b53926c42595a597b7c7b420d0c99211e201308553313ab26232c1a0a8b1d1a2c07061516153526154d3821484948241a10f4e2b469401a6513113006054c0d0d7918155e1311490e0d6c4e3084623bedce9af6e9bcffffdfe9c58c4d33226d4931977255180101751a1795201c251306381a0bedc79a968778e1dfbd4b473ca39d83897e65cbc3a16b6551585242bbb79a3b30212a21187272609e977fd9caa2a78869c2ab8ab29778cbad81cea06b7e6145654e39ab7337fd5a875c0000200049444154789ced5d8b5b1a49b64fa349432336a2080da202e213118ca84062501490250f03c926d918f7dedcddd9ddc9eeecee7dccbf7feb5dd5dd55dd8dd164e6fbe67c93895184faf53975de75eac183dfe837fa8d18cdccccc411812f66bef762ee90e289527623b9b0b2fa786b6b6b7317501e7cb1bebabab2905c2a25e2bf6eaca5a585c74f9f6caf1d76350999877b974ff2eb2b1ba55f23ca786263fdc9b114989bba7b974f93a55f1137e3a5e46a3e203801e6e5fa4236febdd71e8066b22b9b9713c32374bcfb78e9970d329edd5cbb2d3a42e6713ef94b95d7f8d2eae5d7a1a3b4b79e4c7c6f346e4a2c6ceedd0d3e48ddddd5ecf74664a399a5ad63cf159b66b9fcf1e3fefefe8b134817e0abfd8fa6e7af1c0269fddeb8282536f25ed800b0f2c78b172757cf019d9f9d1d1ccc23da397b767e7dfdf24559f9bb970ba5ef8d0d523cb9ab542e2f5e9cbcbc800845c81727cf3fed44004d439adf393838bf52c17cb2fadd31c657b7e5f8ca1757cf5e3d7f5dfe285dfbfef39d694c08eae2e2ced9a797d2571eaf7f578c89a45c7b7e3c797576767eb5afe22da0e78bd322019c8b3b07d72f3fba5f79f8f8bb619c91ca27d8781f3f3e3f7fee050fd0c9ceb484e60fce4fdcafdd5ef93ec663297fe85e4c79ff63d93435a7c095db9d4edba63b5fcfcb1002899d3ff8f4d2f5d4b693dfde0948ac4b18f3f18f2e1350eea48feac5e2dcdcd45c7178c3bfff490690caebc12b1727f3dfd83ec6934fdcf8f60bc3b982fd5b9da3e1dcd45418d014fc8bfdb4fc6a31a2828868e79993917babdf5254135bee0df8f1b40e40d4051e960b75008f5338c6105ecf47284d47e45817cf9c18bf1d1be30b2effacfcc7e11ce2d31c1544334dbec3f04d150b0cbeb9fffae5d5f5ab4f673b80e6a79975b489ebf4cef585fd63d6bf0d1b4b4f9d0c34ff382c5220c3b614dfd454f1a8ede23b7c36fb2757af3e3d3b003025180f5ed9cdc7eec63700b8e4da81fba7451b9242e1c82e9e88d2327c8c2e5e5f1fccbb3909f86897d5c3e47de38b6f39f97703b86583120ec71cec43542fa4d385d353f0ff74ba03a8dd7679de2f9fb94d4824b27365b33d4fee773766371d8b82fa4502474a7373f8ff98eaf5e111c06bc779f2c9ed084416cf5e8baf595bba47804bdb0e803743b7384e4473c5faf0342decd09333d7868c44e65f891f7abc725ff86656ddf882f24f4d40a86353c5fa6987c23c3990e89c9de7e2076fde8f4e757a31e574fdabe171985373f553a28cf60fdcd631b2f84c7474f3f7e18cc79fda35c3c7a3af145037cdd53b18e299848b910351ab6edfbdbec9dae324335dbc6b7c53d02ba8233e5eec48fc9cc8e22741a9deb9d9c8da754cf9f40e76a00461385647efff4a8610b0f1448478a7e1c6929d836d8945ff7a78b118083ff05e7ce1420814eac1b3f3e722c4853b0498b44782e5d3bbd3319c80a661c6d1c5c3c8cef53efce1c589e0c6adde19c08d35db16847fda85e2dde20b0ff9267bf16ade8190cbe7fe09d7a9e6ca1d09ea862d176a92e7dcb95b3e8687e4edcf0f0e76169d1c3ce041465980784782bab42703a869853bde8b382ad15e1fb8a38c45d15098770d71c926a202b5eb77ab4ec3451220bb6474fa99fd932f84b0f1eb0535eb7445f9b31cde294000718eecc52b87dfb6788d1996a7b9af6beec3ed7dad5d4cd8002209dd5edfc41f747ae726318c0dbe76f1cc1629cebfc412198f27f18eb912dcd4c3af0b354abb2e804f81d7bb80fe99be6b80d0a921bbf1b9104545ce106bf3b05043c2d379c25604f16b1cb8199bb39d860ff818e61112e851b68bf7e0d784eb7837be162415c74eeb70458ff1527622f39c8bbb5fe186dbc2a59be2297c3b54f2c2b27bc7aa86d2117af3f219db862fd03790346ee0b53c9b8ecc5fb1956ddeba0cb76007889281f9190efdf45e004ec58a78375e639d1a39c0c288d7841773051d712ea85bb704b8245a7a681bd20c6116a5db3af7e09d420a2369810a05428cbc12516055f31a7e7f9e5bc9db99c584a865ca43a0cc3b0c61690d6fc4fb410808437c0d2146b0c346acc253f48f8b1d04f1055ddedaadb44dde0e103c59a8e6b61042ac82cca37b4318c3a6f1e4201239432afc9860d8209b147197a71a6f03d1b6092194709d237cb0729f1b1112f1534f7622e7e80baa4d96b053f0096fd13316693c9d18605674d6900b1a4335098210efd1f43d6d444447642f629db94ebcb31256e3d7c4393f676b9cd4b7b16dc2340ae831c215f1e7e57bb21798f05ec47ef6214de713134d0bac1106716f42df4634f53718476c28209cc1cec55dbba622858b1dbe864bbacf66b0cda7991cc1f2e7274a3166c54d48608491d8d0678937e23d386e02c4215fc3160b2170bea1ccd2713b2cd09824516cf3b7993a4152433da4256411dbf7b911a7629c897cf5259c323ae75e2b7d4d7702ef4df4d6d2ccfb2c88081fe00faac7ee112167a2b0f804ae7dbde28e394bf907f7de443ddae6c90a3bc23c96e07b44188eb17aebb1b03aac015eb24c07f76dba415d9b99bc7b13424adb1062d35bf05b25a9e1df06607dc8aae28fdd02c693c63c8b7319d0ee2705801c41784e4418cf967004e5911906d8e6ea808ace7270303a1296917d105f4ad897274457dc6404b3fba29ab9e1328a9577977ccec2f12ed269e66951befc700c5683d3edb2596ef74e8b818b8cecf7eb02c0cbd2d2264b3ac57191fd9910222fb24471102612838348743cb1d346110a29d474ddcd23c0bd615aa8e498e949ab00e15301e16e5e8c73f147bf14d21c91039a6cdd0c9098129387a257861b498ea9ba2aadf33cf8cd91834761775bc2cd84ce818d879ab6bdc0978e95e90b5bb28aca693780f3267a3362d217abee6da690e349519a0bf5708c820c4f1d3143566699ec49938f61a1f9a86b6bdec3082fc49a7f6487cae9aeaf6753125a496ca1831321c0f8586037ef2f2109b36eafd1aa589695aa55fb485e277462c3acbfaa9bb7bb9c3830ff684b39463ed185f85a0ca115216dcb3461a76ddd26e7d92db16ada865d0b6461bd71d3328c682814d2752394e9a3f79b6c2f86a74e31c00dfbde22619de928a35226eef93051dc858ef816ad7cd5fef2f882ada6d12ed41103975b9594a18728e97aa5aa4d9e420ee38f341fdb9f2ad171761e0ace9b3713c576994ed1fe81690942271b5159a333b6427a3424921e821027ae74104115abf6712a64cfa7edb448838c6d4fdf4d64e1d021531d29426081ed79ff2fd58aae879ca4a74650ec274418265937a14b882ac28fae4238f56cbcd5a9600b3bce8f435a5116a19456c5026a26e4c6072855b5f9b8812162abc3dcb125fa312f0f76e6719778c4c944af403121ec2a270b31c275d9afcd889d446329c068aaa1dd2660a6e10559358f09cafb172f4e5e3e3fdfd9992730495ed59b8942d4e44ec160cbb62095f2f80a2bf4f765000142a84e6f939b3bc56f8bd44ddcd97406e9e2fafc0c7770d22cf8ae7227cef07e0489dec356fc7045feeb59da54dbb1644cc408d9638b050e39c2451c41ad416d236c223bbdb83a3f58644c547ba7496eed9d8a943b8aaa202c9e2412d494231c41d1c20841e0775428046cf90b931823296c4219edbfbe663d45ab0a80a20c1cb93e1d7bde9adb02334aaca36d5c33a472da626f1b26cdc2018c0788506273f8733768fec2832e888f78acd03582a930651f4e98a81d2b7b7596e033ca48558d5e830bbd298235d7a9d7ea0b315c1c9e1ee18ae2562969ab654ae923adf02b74cd0a7fa92c742721b0e695428f839d524d49115ac873eb1c0d855e4b1feb21e4138f379ff02d64b697fba3ea08fcd7e8776cedb5b411f5a9940771fe8ce44e7298a74d941013875a43aa6a427acbfdcc6fbc11c6ea8ed79bbdde689ca91802e58c4aabdac73fde7fb643b2fcf2f4f0127f488a6c7d78481fbf3221523ad4961508ad1e7bff0178fce8ad5c46d78eb068f308fb2310ace886e1787b3d97c30fefe3d9343318d2dca910182aedd6297d85aab20c78d893230c1963facbbd5a2a9442fff26976100ea898a35a25057cf8a8eb7da37aed0b12bc33c1ff7e22d13533dc9f5106ab7c2b6adb7288d92e42883d53dd10174476a266362c032c0bfdcba7c61aaea35d667e69642c3d2a41879e5ca68c45745a2c294a846c830ba93a45182b3235f1440a71c18408f554b3da6854334d1844318e8218aa679afd968596aac368c3b7d90132b13bae849ca229006cda3253349d211153c15fa0bb03b660c7ec0998186fb093365b03bf0ff2b08acf95b47b8d710d6c14b23c3d55a9d52ce2991b352f69614c842faaa8f181f7c492f17c9a14fd89aec9bbb4a9504e2bd3c358c5fa70785ae874da654c379d74e194d7126410417cd9b772194da0f60888988e1609042d4a45cda80440381586db629492cb277a47bcbb4f582d8af835872e1113cc7d017855c5fa51217da379d3badb45cd238455c70b9747f6a01fed514bc3d5736f84452033ed9a92877a1369e87dd69a324dab182ea3bfc015f350ec65f522d30df109b4f82e8480be34c615c249b432cbb2ca813a01e04eec2bd433789f067af76b5ec538202bdf7288e98c90be3083a0236fe380089ba532860c217cdfe57113d833a87a746334b6065a804e00ec0e571508d16606a2c0338b917912ea3b957d42d982e84d8ee6475859ad19c802f7fb3dc9ebfbd54cc50a19d6581b210fc0afb24398a8c9e594aa997321a3418dfea1e398dbd22d077674ed1093805315dd009aa66159cd4cabe1fe0d73d0af8ec1c2fa15b83a3fe71b76ef43edddb764cac6c82071db1773361185bd58702fe51610e34f81b148e9bad5019cd481030260f615bfd8af34022004ea1c855a5265a35bce5d88d2dfe4039eda77903d3d60f6fa7de0bdb75a1946ad560bbaf240f61c1509312286f559b065a2a91e89f4a34665197cd6e6b6fbd8773f0565d91d698b3477caac6fcb855037728485f6cc2969f4d3d6ecc64c48417d01ee7b13a6e343869d5229f05dab526b8dc70d618f09a757360eb5360cf1538d460aaf083ee5bd6cbc945c778e06a9fec77f6a3ee93721b6283b79a81b954c0bafc231bc80e6dcba36c72dc1b6e1a862410757e60546a3e8dbf0a300d04a6644f8799c2c950084cd27db7b1a8e9df4568b6c94b149e478a6b491df13363bf82e8c47cb5e08c3dc476c58ae14f3800a9c23731aa15de1368bc8cbbe4d23aa7420c44f80708d10788ea3bea971f3d2aec1df8e36f12337acb6e0179436d62fd7e84b819d49c2afbd83e05304a1d76b54ec2ca43b50833193eb6c06116db134ce9dd2b2348fa4a22888d64216b57e4049565b28c0071a062fa4c5dda7f8eae5dae5dad663dc5c083dbe5584d0cb6d2355d98ce5b0f8d114b3b85767aec3193b24d2df1411327baff61e94288d4a7f1938d8cd66c572fc48b796590e39b189b8d75d4f6437d6d7371234b397f6ccb8a1049f99c93916653409ffce7724c327168945bc14942977bbab13e24340809f022241dd55aed05ba676495898a79fb04a370651afc4e6cbbb56c273654d73e74572d8045dedc8cef14f4f93e661d1f9e6870bc7b740a8a2a83522b96a71a393d67af6505178119e53ecc71864e2c0a1488d269287d7ae93278468b55448d66c5073d5cddc2142bdd2d3f6b0ef2464b9882fcbb3cfd0350d17148611ab53472d84e465cee5f8788c28586af671bd8a2255702b8435962f490ace3c3acf2064856eeab1d891d230a29477cfa64a75941e709648455543100a65249629ed572655341e644021450cb3cf29803b117afa9ba4d4312c0edb6a84489d8a1e0db0f5681beecb8ed222a2ed8a3c6bca5b682657a55e08fbb45933014b1adbd4ab81ed1259a808e2b8ab029d5357ba6f28f9d56351be9eb3aa3d2411f229454899929a3eaf41f147acc8e6de8af4544f33b36c9f3f8d970844d8680810aecdd8da22542e38ae20b60cfaa62deae79cab58383d4dcc054f29f292cc6d8c858a8c8a491b23c0a6ebaecec4f3e45396502cb3177f9067003d10a2ca0c112ec19751b3703a42ccc5253317eca31505dc5b220466f909de099b282065a7a856b01395148faca89be263504c71f4647080a64acf4cf38e539edbe701be3b46b93de5802add9da1e6bebbc245e5a9bdf3aadb552284193f2ca650ba701112d2c573a59a99e641300ff35961ce9457c66e8f30cf100afb10ea38a1cea5adad2b1116ebc5a95811be6804ded120c59d93673b92793d0242577491a51f7de7083739c2ee26b3fa00a158cedd86a7446408c3c54ebb93c6e33246786323803b8ad1520c21ad5e30842c57da9e28b20880f029472810c02d1e0658cfb6553ce49599164b3b691e3b9020a4057de6d42c51a7edce116e4a1102dc25a13569438990d6f0078d9615256927edb5335c0a8090b9c583bb7469ec9a4624109ace3c65ff3a5c5223c4bd03fd66ca88124fc6d30e52843ba60aa1aaf4f7b5081dc3a592a2a3a86dc6d508d181405899d10d186b22928c7671d2e2be0aa136b2a8efa07bd47b8211b48704e1822d1b6b9644fddd5d2925074a6b710a17953372219695f4b0f441106a8d660e55c753b55a2595fb2a9450f5ad61cfb0644bb4a1e61f9cc3800877b78f4d15c218b485a35a2dc3f24eca98292842addb1f83f7eb0f4c58fc6ba6024054721bf8a55d47b88be831cebdd9e7be2978882af96221e5c4cbd4074268a746d3f08b1775abd554fca4cfc2ec15618d87c90789ecca53acbf07bd7eb5356e2b638b98b3233ec02e9c08a1d6f3b31fb071541173190d6673c576a6dd85d55df4cf6ea3daaa54ac502ed483954469464a38dc85e82a003e4f84eec29a0f44948b19c98519e61269f94de87aec42ee99bd2ad8e8b07504fe2aeb5b74f5f3c5ecc3085f0791514f849de1111cf9972e0c87a7443e3c4346d4faeb4c14b11f56dada3609d166c443b783c61828342137072bd5edb95878aa3e748c800bdb06a2ca46b949c8c3a701bb2136572c16e7608b0219a66256434648b11971c6a4efcc93d29f5a7d9a89024130f3ee47ad26d0d2e20b8d26d49469f07481835ab0b567c4c4d34f410c8502e11e4718a61363a762b479a65f4bc9bb3da2e8e16b0d652341556884c4f9d1c1b8e256bed1d048c0612bb88908af55d9437f842cb64008edc60853af2549c2d1dcba32c7aa67baa4eda684c6620f1a19b969d1b1c33268a0bfc4443fca97227a1e4c42114257f4c4355ddbde1b213463f46b4e883a01682a9d59b470f029d9c7d0f6f5aacd90bcf5146ed9f168346ea65067454144c8f6617080fc000d43c8637c7bf70769bac234a839da4568b3a187330b9b5d364be85681f2b8e2e508ea900c9c86314584cc5abc9c00a12bc6e7791a47cf1e6f4604d46d59429f9a911a13cbd252310638df16794d6f9c3202e49a89dc8ba6913fe309a4d495a711da9f9ddd1f75c11e998d4c25847d552357a9126fda23a63452a83118eee2801eae81baa978c7624c982d7ded1b173284ee5c1b8f6e9cdd1fb1a961813f46b3d318d752b95cae326665ee86ca77d573b53e04688e82e283fd311011ef5814cda1745ca49c48be749be54b8563a3eefe16d8ba172ea6555d4403150b751ab1f62c5fdf96ff126ab261dd6e30023659e4f5ca1f1a66216dc114ce5df07054e5003b87ad331a491b5d20a12dd51857ab9384d506b28c441ba0c36bcb192a2e2f82327187386d42b7372f75a986ea08bdb33632d5bb10aeb56aa9d5909c89a8ba8bb5411819c37eaa463fcc3f7f817948110ab5a70ddeeea26c0f9e2ac804559d42d69bfd7e132ad009cb75d05e74eaa8f9133dd4964153509ae6338c9f22a4ad0a42fd5018a2a0ec8d084f1db92f11f14aec1896758b62a4d144a999d3a3a302d6c395a8ce52ddcf823191f67d0935602106f76a16ac3b2555155560921c430c407ad316f4c24f302ae45b2f0379a67408986d120837175ef358c253c3b4ed529c5600118c4e8ad3b0fa0c639ff4e590a6e372b0085fd28b213479b73d10c2cd5f1f16d29d9bce0ddc1a55f9614a1b4772a194ee6c16f1fb1dbd59edf77abde551862aaa377fc6ab7b15c0ea477688b1b0f5d308517ed113223c6b35074248683c0294530d2b331a555ba90935aa11821d74568a18d2d4bb479fff8b8829c2e0c94956b5b0f544f1beb620e73cc3286a0b02b0899380bddaa41a1576e7b0f6b3776f1f3dfa137efe504c17e7e717bd6a4f3476b21f23e409cd00333bc3b0dee5dfd410d53374d7b6bd8b5a50e7a2e84276282cfae611a0cf3fa2377afeecd3f5cb8bfdab4f6aeb4fb7a1e35009f7bdfd279421eb1fa06bc3a8410e0ec699d6486ba8b0e9efdebd79f33b446fdebc79f72e6a47a947dfbc7d84e81f9a8d4e944a679174621cdb1bbd45bfcd9789a7d04cf96e2d7294ab9f338c5045e1dbbda3ebe7f4f6ed9b77543ea3ef7ec77efed68ed0dd9348b7214d6138662af13eefb6df4684c90ddf346a889de4422900d9892c80ef774e780c0e62aa1dfd9f1d10156e2a1b1be5e8f3167af57d0e08a0331e3578f8c55b79e850cb34dab06355f18a372a7c72fa61e080782e97527a68c6d1ab2f9cb7f0d98830641b19869e4aa59cb321ec085b9a3686823a5604904a06aae82f8198485bbe5c87eb78b3bee9ddd40a4b7a2dab362afb681bbdd2a85ab04d5291f39f90838f7efadb5f1d08a5790d660d9d6766c4734f9e1b3106cfc72f93e0d63b1f6e016fa6019d57d94fa370937dfee133f8ebf79014b8e04f3efff0b73ffdfd2f3f92e7dfe1950c99ae6193695d87ea85a9cf1d4f219d13528c3e75ff68c8806170559231066ecaa3477ffbf1cb8f7ffdcb5ffefef73fffe34f7ffbe9b353adbe7dfbd30f7ffa33c0f685a9c1cefb0f0f1f7ea0c1946c23d21668f7d935f1fc61d113e2b05d3649054799c2607c8479979e44987528a43ffcf5c7ae2be8fc02a9acd9bf6f9607bd65806e7676f6e1c3d9f7e4bb92b4061352f7f943f10ca97bdc805d4eebf5fa295ac1b29fd9d751dc23c937a6f036fce11f1f2035facbcbbd9b9b9b36227cd8117f7d73d3e9bd7f0f5f83d141620825e12213d2551740f11cb0cf1c1978b414374954fddccd68055afd9efb0704e1a37fc285b3b5abc8fe0a86d0ad6922f374e680ecb0396f35f33ce681e928c0360c91f2a2ece41945f80715202fcccb6a8434bcdf961de1151ab1fc4e05e22e10afd3ab94702b9adb60204d83783831cd7e20fefc0b49b1cd73f6479cb70ef88d3bc215a14e80fe221d6591cc96cb3720087ff0914f2942b2ca6bb79ea1ad428a91bb42bfa0f7ac03524d180748c4c07e7df0a95fdcf28c5d9acf504c274239fb902e52622ca84faa98642a187defe9b9b8e3d3759c4c8a30d5d78e0f616ba193896423fe0b2cfac30418673f30f7d46df0d9e43dd50c1da1edda53d7e086ba81d2a5b6411c6b7bd0e775455b516ce03fcf020bbeec0f112b9fd987ef5996ca5dc7609551d57c1a71c690f7f95c94e22f67e431919d60efd7c2ae44d9505df3af87b3c0a2bc7f88b527c621c1fb015ac5871f844ca33bb5384f59f85801f0419c2786bd4701e022069c1ce88b51b7da5a1e36748f5d8a97ef44d831f41eb1e90340f2de29b58c73b64caa2bc7cf58e831c554e87af13a28cf0afc5f7eccf89e5634fa5a37b1624a4ef272267e80c667b0fce1c3329a03501ebcb7435ce6eb6ad36d28c99db2f997eaa97b425fab673223cc8a6d66cd1721b08849187eba9b5731c4cfc0af79e83cd92e429c1564b3438da1f6c275ee90b2d073e89ed042ef95730b4f0d0b9d1bf45923e9cc2481a2950188d5e00670c75a584e7fb26b10bc036c0829dfdaef67d9d170e7c565119663f31c61ca7b87e4c3b0048cc562d17ba003456835e06029d84e537546fb449ffe1ba9124114ed3c041097e1740c145cb0cb109c2e1bb96f072cdc73f8a57804cb2f5f130ecf99417252c0ad315770176dcb590678f7969bfdd90f3d2a81c07c384c050e2eb83fa35d398434324fa7605d7acf2d1798e83f16171ef0f40d11517c914fe05b4c334e37e89de0bb011cef977b9d0ee495dc1c3e9c658c76464ec187d00a56dfd7ff86c7e5bd0b6c9846e8daa9994d9997f086cb293384cac082eb1ca7d71da1ed88daa1df20e1ac70f2dc878931f7e14729c1593bb0a40eab943d97ee7da38ea2dc081baa04061faeef7f4382a04e7dee7640bd9f01b2fb7aa847bad7f3f08896b3f50441fc2998674a85d49948e483e7fd67417b8ea1b50b29ca49a91b1339c179356877c02b863a4d29c47f0561213386d78e021b9bceeaad48318933d93de5144718235f7c3884c2fd49b04770e09a52fb2e602c3ccbd27cfbe7b6a605eeaf4912506e4a083dd99e0e38f24e831d6f1f6be62abe280a08aacb2ea6a0d1f8ecbb15597e0692580d66035b82cdd5b7cdaa51f497a35d88ce91fb7b6d8889cd1ecdb26388ce369be8ef1efdde6f2b721975e91a763f5920160239154e47785cb38258289f38eb26de2d1c87aaacefda8c808d3f79717176f6bda3d9e5151554e6cd784cac7490787ab5a0985b41e28b80331874abcce6c5ccac405dd67276bbe9efdebefd3783634f1f823f1f1cc712003da737cfb1cbc902dfa563bb0062381593600c93c9b041321990600183d54ae0e5b466c3c5c6e8bb37fffdcf3fccfe01008261e23221f4951b1fa02b0c915d13980f7e4ba038f9cbec482ee92003e155933cdd047b16f6f8b15c78366f0076a37370502ef73ffffb7fffd769071a178721f20b4a02aa194c8e99c4ce4b3ae8bd0566f093d146cb144789a3b1ca8396252442743d55c9f4f196327bfdc668346ee1e9548dbeb3384ae9e53c1b8231d97d4ff6b3d608e3702ee6e2a07fdd42608fd5d74c610d253432a2dfaa84703f916ea46af8809ad91b65f0ac5242a19055cbb4faeeae3ac8457e1979006f46a49273429d09fb0509407643ca24030af48cbd3d62065f15ddab36ad1c20bd897bbddaa39a9572f6bcc326f754a52ae324bbb1cb59d5f6a525e76c2e76ad4e8ccd72ee29bb6765941b3b47c36ee47172afd718b7d0ea0723789c469edd8a1a39326c564e93df0bbc227997021c56cdfbf7279b4f80a6ceaedb20ce24f3c220b7e571d3fbe4aa6e649c87f5186daa7078d013c9fb748675de481b2070b22f1076676cda6bb33359eae8f7e194539f77e087819d14d8d68b94904114c8540c5ff759a0b95ea2666b2691dd4229da6eaf65e502bc1b1d45eca2492f3f24b4e1de8a22dd62d20b9a31a87537571692c98585150c0f29173dd0d3d22bb2799ada6def92956f454681a713887a43af9086e6ee2115f641d5399ed6e309d5e4fb503e823d08296f5bd002fb6bd194bd13cf68f685557e69d452b9c0dde0d1907cf4eb64b757da28be257d4748d5a05ddcad657b3f8d916a8e1bbd41b9dd83c7803dc658bb49b10d15a3c58391cbf053a2e919e0497a9e8881f54347d2187829560592a5bba152f9a9000004e44944415487d8799251932da5fb3577ab9319566ec28622aaeb95d6b896f26b6f73a510e158491f74e405d4714333ce5332a7a67b3b35ca292bbd3663b902bb7a433594ddeb7bf5381b20321c4dac74019b9bb55a6b346ad500a1898ce05b23c94a0e6fab4639c96d063015865525ce7037e321a9c6486b07b52b94ad466a2cea23b06501d6967413aedc5a8d7212d38b9cc6689a8a39aed51ad0f8abb9a857be68ad80ac23533cc9b1371391ecc31905be79d49b3664104d7802b15f3372b950d5f476e0c641fd3bfde7303cf8ae5b75cd4c178e86c3e2108ebd2f745430bb9385841e1015ce0d0e0f7538a2d5c3c1d18123236b4fe414d5d144d7a8159efa19be5f78eea83e872e4c4227e7634395bf7d17228a29e91ee5acc179b558472233e5ee09e2106bde61886efd1c0eff0c9ec1cf2036b3a295180ab2858cc250c1c3d5bbc2f7401a2d0aa3e08d4a07deb7a68408d350aed2210607fe583f231c3f5b157455d2cfeeacd750f2e17728a204a2c468f0017df06445c7e30203a039cc96a4dd3b678d4719ca2e594a0f233c727f3654327726a204a2dbf48b929731bd8e60e8cd8e668e9ca9351d0d092c2a7009243dbe3a794cef47c2a17da79486f0f9398f4961063c543880312e7d09f06aac31cce2f99e5f4167909c14f4f6e68928e1ccbf89fea6ae8f4d6d59dd0766d46064d76f55523acc3be542a9666b59eb0c03dcbdc6476370cadf07407b2a1c514688cb7578bd9117443cacabd78773b19bb56a7fa09587c1ae5e755f95f215e1920f6d38f4cda8c23524baf301448d2a49358c8c2d400fc4bf29c7841a447b776706dd94cddb3f6c30e6e9235d6fb5b5764b7d610a0844b86b9956dce7ed24e1ee35426b93264627a3f853c7e7f55b217a08361acd9481cad4732a498581616604088424fe87000942a731dcbe9f2d28d09233281e70b619d0bbe9d53ca6bce906d4337d38fb02d9773f3e0ad72320ba63332fa7924352d19825834204315cd9674e04bde909a0ab7b5e2b1f8ecd0ded32fae47e2594527cc579294d7bd4cc19f0bc5e5447378f8c3c21e2d13d3747c342ba3d505f650dd3eb8e3db87e6f3ad449894dd7c53bfd660a9215cac16332ea7920780ab6408acbe5c220c0708414bbf7be03058a2fb8fcd43688c347fdfea855030fbeeb910fd79bb6748bec36493814c389ef70f59b311053429d6884d4b072aa3ca89eb10743aef639785569c11912ee7e6dc2e916b4b4eb754754a79a011e9a0c24bfe9115381b28db3cf55b5bfbceb402218cdf8dcee5aeeb79a6e907c283721a06bc0a62bd68b30aa9faa1fb9c7195d7e6b01e594484ab3549cda8d56c5311643181c4f1ec45111ded3d7ee9c168ba76977c2a2bbfe3539edafa6f8e34bbfb60974fd2167a4a47ec4dae2256fb5f77df1218c0bbe3711b7e1b044eabf46551532195d3efeeef82025367c31f6aa562a15429161ce0a8cf078e517810fd2ccd2a6cf86d406cb8d11bec6ad2a6d1b7151f789fca2faef468995bc34e5784b7af2f85b3a300129beb42e2f544d4c875bc9ef661e7c289edd3cbee555918cf67657e2dfc5bc07a599ec6afed6acdcdb5ddff8656d3e39c5b30beb3e9d2a325a5b5f58faa50aa79b66e289e4d6b69f7e657478bcb9504afca265534e33a58d95f5cded4bd5deeceead6def6ead6c647f0d92a924c0cdd25272616575752bbff9640dd1e5667ef3f1eaea4a72239bf835724e45f1783c41087cf9bd57f31bfd46bf24fa7f818869e9281aa9b90000000049454e44ae426082, 2);
INSERT INTO `restaurantes` (`id_res`, `nombre`, `telefono`, `direccion`, `logo`, `id_col`) VALUES
(3, 'Mariscos Charly\'s', '6144356457', 'Av. Independencia 5404, Santa Rosa', 0xffd8ffe000104a46494600010100000100010000ffe20c584943435f50524f46494c4500010100000c484c696e6f021000006d6e74725247422058595a2007ce00020009000600310000616373704d5346540000000049454320735247420000000000000000000000010000f6d6000100000000d32d4850202000000000000000000000000000000000000000000000000000000000000000000000000000000000000000000000001163707274000001500000003364657363000001840000006c77747074000001f000000014626b707400000204000000147258595a00000218000000146758595a0000022c000000146258595a0000024000000014646d6e640000025400000070646d6464000002c400000088767565640000034c0000008676696577000003d4000000246c756d69000003f8000000146d6561730000040c0000002474656368000004300000000c725452430000043c0000080c675452430000043c0000080c625452430000043c0000080c7465787400000000436f70797269676874202863292031393938204865776c6574742d5061636b61726420436f6d70616e790000646573630000000000000012735247422049454336313936362d322e31000000000000000000000012735247422049454336313936362d322e31000000000000000000000000000000000000000000000000000000000000000000000000000000000000000000000000000058595a20000000000000f35100010000000116cc58595a200000000000000000000000000000000058595a200000000000006fa2000038f50000039058595a2000000000000062990000b785000018da58595a2000000000000024a000000f840000b6cf64657363000000000000001649454320687474703a2f2f7777772e6965632e636800000000000000000000001649454320687474703a2f2f7777772e6965632e63680000000000000000000000000000000000000000000000000000000000000000000000000000000000000000000064657363000000000000002e4945432036313936362d322e312044656661756c742052474220636f6c6f7572207370616365202d207352474200000000000000000000002e4945432036313936362d322e312044656661756c742052474220636f6c6f7572207370616365202d20735247420000000000000000000000000000000000000000000064657363000000000000002c5265666572656e63652056696577696e6720436f6e646974696f6e20696e2049454336313936362d322e3100000000000000000000002c5265666572656e63652056696577696e6720436f6e646974696f6e20696e2049454336313936362d322e31000000000000000000000000000000000000000000000000000076696577000000000013a4fe00145f2e0010cf140003edcc0004130b00035c9e0000000158595a2000000000004c09560050000000571fe76d6561730000000000000001000000000000000000000000000000000000028f0000000273696720000000004352542063757276000000000000040000000005000a000f00140019001e00230028002d00320037003b00400045004a004f00540059005e00630068006d00720077007c00810086008b00900095009a009f00a400a900ae00b200b700bc00c100c600cb00d000d500db00e000e500eb00f000f600fb01010107010d01130119011f0125012b01320138013e0145014c0152015901600167016e0175017c0183018b0192019a01a101a901b101b901c101c901d101d901e101e901f201fa0203020c0214021d0226022f02380241024b0254025d02670271027a0284028e029802a202ac02b602c102cb02d502e002eb02f50300030b03160321032d03380343034f035a03660372037e038a039603a203ae03ba03c703d303e003ec03f9040604130420042d043b0448045504630471047e048c049a04a804b604c404d304e104f004fe050d051c052b053a05490558056705770586059605a605b505c505d505e505f6060606160627063706480659066a067b068c069d06af06c006d106e306f507070719072b073d074f076107740786079907ac07bf07d207e507f8080b081f08320846085a086e0882089608aa08be08d208e708fb09100925093a094f09640979098f09a409ba09cf09e509fb0a110a270a3d0a540a6a0a810a980aae0ac50adc0af30b0b0b220b390b510b690b800b980bb00bc80be10bf90c120c2a0c430c5c0c750c8e0ca70cc00cd90cf30d0d0d260d400d5a0d740d8e0da90dc30dde0df80e130e2e0e490e640e7f0e9b0eb60ed20eee0f090f250f410f5e0f7a0f960fb30fcf0fec1009102610431061107e109b10b910d710f511131131114f116d118c11aa11c911e81207122612451264128412a312c312e31303132313431363138313a413c513e5140614271449146a148b14ad14ce14f01512153415561578159b15bd15e0160316261649166c168f16b216d616fa171d17411765178917ae17d217f7181b18401865188a18af18d518fa19201945196b199119b719dd1a041a2a1a511a771a9e1ac51aec1b141b3b1b631b8a1bb21bda1c021c2a1c521c7b1ca31ccc1cf51d1e1d471d701d991dc31dec1e161e401e6a1e941ebe1ee91f131f3e1f691f941fbf1fea20152041206c209820c420f0211c2148217521a121ce21fb22272255228222af22dd230a23382366239423c223f0241f244d247c24ab24da250925382568259725c725f726272657268726b726e827182749277a27ab27dc280d283f287128a228d429062938296b299d29d02a022a352a682a9b2acf2b022b362b692b9d2bd12c052c392c6e2ca22cd72d0c2d412d762dab2de12e162e4c2e822eb72eee2f242f5a2f912fc72ffe3035306c30a430db3112314a318231ba31f2322a3263329b32d4330d3346337f33b833f1342b3465349e34d83513354d358735c235fd3637367236ae36e937243760379c37d738143850388c38c839053942397f39bc39f93a363a743ab23aef3b2d3b6b3baa3be83c273c653ca43ce33d223d613da13de03e203e603ea03ee03f213f613fa23fe24023406440a640e74129416a41ac41ee4230427242b542f7433a437d43c044034447448a44ce45124555459a45de4622466746ab46f04735477b47c04805484b489148d7491d496349a949f04a374a7d4ac44b0c4b534b9a4be24c2a4c724cba4d024d4a4d934ddc4e254e6e4eb74f004f494f934fdd5027507150bb51065150519b51e65231527c52c75313535f53aa53f65442548f54db5528557555c2560f565c56a956f75744579257e0582f587d58cb591a596959b85a075a565aa65af55b455b955be55c355c865cd65d275d785dc95e1a5e6c5ebd5f0f5f615fb36005605760aa60fc614f61a261f56249629c62f06343639763eb6440649464e9653d659265e7663d669266e8673d679367e9683f689668ec6943699a69f16a486a9f6af76b4f6ba76bff6c576caf6d086d606db96e126e6b6ec46f1e6f786fd1702b708670e0713a719571f0724b72a67301735d73b87414747074cc7528758575e1763e769b76f8775677b37811786e78cc792a798979e77a467aa57b047b637bc27c217c817ce17d417da17e017e627ec27f237f847fe5804780a8810a816b81cd8230829282f4835783ba841d848084e3854785ab860e867286d7873b879f8804886988ce8933899989fe8a648aca8b308b968bfc8c638cca8d318d988dff8e668ece8f368f9e9006906e90d6913f91a89211927a92e3934d93b69420948a94f4955f95c99634969f970a977597e0984c98b89924999099fc9a689ad59b429baf9c1c9c899cf79d649dd29e409eae9f1d9f8b9ffaa069a0d8a147a1b6a226a296a306a376a3e6a456a4c7a538a5a9a61aa68ba6fda76ea7e0a852a8c4a937a9a9aa1caa8fab02ab75abe9ac5cacd0ad44adb8ae2daea1af16af8bb000b075b0eab160b1d6b24bb2c2b338b3aeb425b49cb513b58ab601b679b6f0b768b7e0b859b8d1b94ab9c2ba3bbab5bb2ebba7bc21bc9bbd15bd8fbe0abe84beffbf7abff5c070c0ecc167c1e3c25fc2dbc358c3d4c451c4cec54bc5c8c646c6c3c741c7bfc83dc8bcc93ac9b9ca38cab7cb36cbb6cc35ccb5cd35cdb5ce36ceb6cf37cfb8d039d0bad13cd1bed23fd2c1d344d3c6d449d4cbd54ed5d1d655d6d8d75cd7e0d864d8e8d96cd9f1da76dafbdb80dc05dc8add10dd96de1cdea2df29dfafe036e0bde144e1cce253e2dbe363e3ebe473e4fce584e60de696e71fe7a9e832e8bce946e9d0ea5beae5eb70ebfbec86ed11ed9cee28eeb4ef40efccf058f0e5f172f1fff28cf319f3a7f434f4c2f550f5def66df6fbf78af819f8a8f938f9c7fa57fae7fb77fc07fc98fd29fdbafe4bfedcff6dffffffdb00840006060606060606070706090a090a090d0c0b0b0c0d140e0f0e0f0e141f1316131316131f1b211b191b211b312622222631382f2d2f38443d3d44565156707096010a0a0a0a0a0a0b0c0c0b0f100e100f16141313141622181a181a182233202520202520332d372c292c372d5140383840515e4f4a4f5e716565718f888fbbbbfbffc200110800c800c803011100021101031101ffc40035000001050101010000000000000000000000030405060702010801000105010100000000000000000000000001020304050607ffda000c030100021003100000005f7f8f6ee4e41c21e03751445ed17b472e8aa23bb43c15bb9135381056fa0988839892a2e8af58e5d1ca3559491b17b5351db57a43c0ed1ca23ba0551cf192781c29375eed72cd1e04e553954f0445588aa2e8ae51566af62c04f088288be46f74a8aa9ca396475ba86d3acfe8a323b40e947d5a7d3e82ddb5c146cf4abb6b37856f4092b5b2b7d0501db5c0414d1acc77313f916667acaaa728fb4e574d5ec3ef9cab3a549c755ad32e4e3eb52a1d3d0a7c88d7c4e74b96a9696024ac6ce6f22280ab5541612563969db5dec8ce9477246f1a962e5bd36b14b7e76c61a7365d520cb78e7dae6b4b2beaf1dcb445a4d92688e93cd21a485356a6ad03a4550565233a4158a6e2787dbb51443816e3cdf6eb666d6b33e4e174b2aaf5731546bc927fa0f4ba2ac47a5970ae5279fd8e473ebd95eab7a1130451ea2b5e3a2523938918e1edb361746959aecf5f120397ee759ada83b99f9ea964cdb62f018abae6f9ac1268ba9ec232db7cb1c6dca599e9e324ac447761e85816b711c9c296786dd238deda65924deae5eb32cd8dd1ea579787a141cf462be71b17a8461ab7fb56f47960d4e7b9f3c366999ead32e51a45ccff00140502ceb55363d8b65b132487e5fad774ae47bdbb96ae64a268e455afd0e2c17b47a88fbb8fa459c88ca5d36917296b97b1aae8fa232685921a8f55c541b5f1b5ae208ef42c0b5fc72318e5116d356e30e7ba4428ddaad8876cb2cad43ab4e8edcd6568dc76b9bd0a7a39172fd52f62a4b5886a534bf506df298cab6a3d77110f2c4931f5ecdd8f026e7a639beb9bdbe3555b6be7ba891c7d9cf685e72d9211bab1f25c9bacfb1255e2c45155ae3a74568bb9db7eaf3d607438c855fa6e46a77684454d08cab7007f2c12772876ad11786bec9ce751f4f55bb8e57b18be46ebbb556022d86a58b2537ea77b0acfa19510936c36739304d172856d47a3e569f7f3d8d7b50f4ef81d82f244bc913992159cc92c3e87eb1cfd3c46aebe3b8fd2c8b6af3b9cf55f3fa4523356d0c5b6ba1cb7276adb728d5b3f5ac9a1933da9cf55ba8e42af62aa2c922eade6b14dda9eaa3e9aaaf2c5d05ab3b4b55c5df9f64ff246377125043ddacb98bb8b5fa1b137435f9bb4e0d96a6e092e7b585f455dc0f9f9eca3759c5a2e6f28b07475118deab9ae6585e4d59c4912aac9064b65e57b2fa11927c2595d7be82dcfcf9f06637d45a346a30e963b4775e52d0772d3fa6b778f8f7c185eae3c06e73c9b5f1552f3486700003b723e9eabd96bdcf1fa685c2ed77a9b0b2dabab4ec2e82d5a189b3ec73b9dd5d5d56d6648ab33d87422196ebd1df69a5c7d5fa9e4224487a7a28b1e000001ea8e6485dbe39ce2fd8dab65898ae7d33a3c263d57560a8dd987d6a954d2d235b0be85bd86040b66c1a0d8b169f3f8debf3ad9afe5000000000003a16e5ca7a9ce6d70bee3f653b7f9acdb2bb4d9af71b6a45f9a31fa7fa636797838f4a25f4abb350e65933ec5f42b8f47e5d97decb0000000000000342cae8fba7b52da9c957b1fb67b05eb95ee56991589f8afbfb5839f51ec2eee81b23a52de347437f32e93cfe21d180000000000000a0b7dccdf29ec77477ecb632330a7d35925cdd164cecbabedce3eb742722da76387c9f4722024840000000000000000000d0ea683cc7ebe7a29e2db3683779ca251e93c15836655f0416ef1148bb9200000000000000003e47699474235cdaa5aa9a450d1ad59a7012c5d05ca9df423b96ecbdfaeec729caa52edd1b9d4bd945fcc0000000000000347a3a5a3e5ecd7db34b5ccb6b4f499a3a65d1c4dccf52969777b2d5a3abeab5b239d2b6b5a78d92e865000000000000016c82cd7a683d06ea8e117a0f01aaa2e8b351cae116bf2c2070a24226200000000000000000000000000000000000000000001ffc4002f100001050002010303030304030000000004010203050600110712132114153110223016324120234042515461ffda000801010001090093b6f488d917e78c727abe5517e5178e4fcaf3d3d3be79e9e353e7f09f0bc6af1117f45e74d55e39bc54544fc3515138a9c5e3d3ff009c622af489c445f8e3117fcf3a5e39cde955792bfd5f8e33fb939eae91789f3c737889c6a711bf3c8e37bded646c2032c356a123c0310539583c110a44e5462363232f610b2658e6744e63d5ae6b9a9fe78888abc5e7a7b45e3da89f9e7a3f2bdc4c4444ef88a9da73e3beb9eaef88aee77c446a74abc42551ce4f423bf0aa888aa8aa9fa410cc4cb1c30b22cd082a11358dc0161533e7ad2e6821a6b215f8618dd55a1d6ab363ca33271d5e9b3b69664cf306d28f5cbdceb295c504baa6896f5533b393be395c11aa8a8bd2a2b117889d71cc6f7df1c888abd7117f09db5151dfdcc54e357f7749c472af49ceba4efa547aff00773d0afefae44c6fb689cf6d3b5f4f3d1daaa3d9510bab036971703886afa7f205da25c0cfcd78daa6a5399d6554471d3d9a78ea09cd09e410f753e8e40f6f23ea9b5c7c35d4022436efbc67f535856558984029e4ceded61d4da73f452cc49f42657d24cfbc12b9ebc5e938efcfe88f46a2a718eedbeae35ea9f288df85e37e178ae6f5c5f545ff005472a7a9ec7427275e9911d246f62b916f20b1123a4b71d97adfa2c6e229557c8b3e749b8a1167d45a49b53ca32ec1af2cda63d8c61f651e5bc4b27a5249ebbc4d8c3e253b3ba697c7de46a947ad26f96fdf99551b6d82ae861b2c4a5152430592a5e19784d7db06eaa38911ebee22aaf7c57271cbcef8b37a1bf86cc8ad4f4ab53be2a7a515dea6b51edef8aafefd3d7a5cd5f9e23fa6ab5cd457313d4c57085dce10e1e12f3a352790a6ad628aca2ce53976379f47afdc335ee92b448e256c688d6b558d7fee8dd497675798a680faad1cd71583d9875f7d77329914c34b5d80b4a9518ecddac16056f54bcf4936f0224796b0a922648bf2aabeff007f3d23d153bed666a2f5dfd43bb56f2299ec7b57a46a353b5e353d4defa72aa77d2070ca69110e3c737f4cd448f0a76462e6ae5ff4f5e483406cd6ae00865bbed37cc2fec40e3b535f37decf1d7caf68b0d255851ba37a8c5cc8a8d7239115aaf2590f48e570a64c53c98df99d05f666535e34dfd64e988967368eb6c29e7b0807cf58ea5854a5d7117c266adad6f5f61586487d303604a033085309108985258d97a4fcacabdf6bc6cbf3df1d239dd74b22a393d3cedecf845748a9ea5ef333bc54bf2a24a797d29ed2ba686322358a56b8db7d4d23b1d35a9187cf8f44080cadb8a8b3a93a3b05cf7906edba10a9ad4642e3f7a26911f2393d6e446c907d346dff006def3628ff000e9ec897b5dedb97c7ac34e6820dfe47c68ea23a0b0b2b128318c1e51cb1f4804f9636d62ad592412db3e7da24bae594a0f2d64545df13f1ceff001c6af4bc546b9515792f71a355aaf7f6f777cccdc8f587a3884bca12b385b13b149692ce5ec92c61c5edaf8cfc8497f0b2a2d65d9e729c9ecf9e82a609cb16df1f7ac2aa6c41b196b8e6ba90246afcb2a2474f590a4b65e243ab298ab022f32d5f521ddfb76b054caa584305169513ae5fea07a873431a2a8b8ae092dfa6055959f745a0b64b5b026d8e94b27938ac7a2ab11f1ba3fef4e378c93f3df2457ca9e86a3a37af69d2b5cc477eca7bf6402cd536a35d6789a164766012c960b281e3ca9342654990bd928be6128aab08386aadede9ed4a617af82cf4e6686fdf605850cd11517b8ce51a662e2b44a3d0aebf4752ca228110b8ded6b7d0e60690d74ff535961269f41e8567f51d6d4cd776afaaad7d5d6094e00c009179299f61f22e03488dbc0d40b7b11578bd27e52556ac6ffdbea5eb8abc746ae4ff006ded8d5ae5fdcf74f1fca22488a9fb93f6af0eb1b2aaacf1c8804fb4f1a134ae96cf3d18c68c742911292d508f1bd88d969f5050303258e548ca6cef62d390c9468e345ae80c2ce18052ed40bda026586c2992ec44feee407ca5bfdb0abeb30bb0be727bf16733355970be92be1e79ee146646b8d4e6c1156e1265e393f3f26cef6b9626feb048bea55f7515cabf8e2a22a2a2a7b6dff097922362f0dcae5e791f0558829da3048ac7680d1d241454691293ec1f14c2be19dd38d1352481df5412036c198cf6e5752ed49147412c638eff00105391cf96bf547d85ebeb7261b1ed727c3882c40e3f70a2abad6a2c9b228367e7c544c04ace6c153ebc16f7ea5ffc970c4e4f71effd584ccc4e9af61cff00fb31a6c4bf9e30889ff87ea2449bc7f5a7b1452a22c51c9897cd7310f873a074cb42a57b410e24a52e67452c9a16a3acc7491e93faa19c991b3c01d95a40b320193c363ae854466c2e3c6b98cfd258da93c1e7f64464935d54f922c6a839c2530f3bea6479b70660abac6c347576d5b59e6e954b4c45047cd74f1c97f6091f178e85247a3a442a16c2e6a3579e9544ed518e56af6891c7148e4e9aa242bda7a1a2449ca4af8edeab519fe786f45f7ac3010ccfdd56076794b86cf0d52b181c1246a23e7bc91ee9082c416a640a7ae22b4f70e62d88712d9c211124a1ccb1555c35932b08b2b60993d73f4010ce191a64f5a502290d6102c7e35c68d7d34b7b6b0b5ad635ad6b6c8c6e87cbc59dea2267113cd33bf47bdac4edce9e5f7a4577e8923bf1dc0e17d3d488838ee44f4ab234622f4a9cae365ad345322e569f061fc8ac298a58b11811433d64ab34396c0164425a401c51b15f53417bad8ac8c099121b64b5b4c04187c30b95af9527e69bc41dcd29d972ade9b4204af8ae6a85b0f6e34649c0e226e49fb756b68db4f5300b9e025dceac5c6670fb69942167cce3d8216bc9656c2cf53b8412b376d4ff004b1cf67ee6ac67393e1ed61513d3bed9052d0540d717acb2d96774355f63b5cd612e07b1a48a28ef3ca9989aaad134c2c621a3c8b1be46e76eeb02d37b65a0798cdd15859dd0c15af975508919435341751dfd1d6d9c51cd0c2444f8a68cbf1565279fde647a8c95a45552d2676871b7e7b0d705ebb369badd61573a30ed2c67b538836757cf1b18afee599f3395557fd28aa9f858c9722fef6c0f1259616ac5e4e91df7f185ef3d80b3bf0d86a98f5b5c4df39a2d807b8a4b6a683ee315b60052875b3c76803aab8a2fa918dcdd8e86d8ca81f3e4be584393b6c87f8a6eeca3bf7d30667e9ab8f3cb4d33afe4a62a8cd06fecab6b2e9f6bb7ced7d9d45692e2e39648486ab95df95fe06b958e6b939e4785669e86dd9cd19eeaa930240fcb1c4c77fad80e1e616e2a0c02f67829716fe83d5b67130bb8f1c28c80d6d8ec7342ec69fdb108247b2089781699dc155154998ad1cc1773bf232048c3c7525793ed66a2a69e9f2926134b72897dbe981b89f6359a0a099a5d36a739554d68e33c8a3d74a9536f07f1d2a47a9ce919995f5e905fd34398b49a8aabc8744938813b4763534d413676b8cc55e5365a90d9c8712063f6c1c7693d4a64f00c2521a1f23dbdfdf78fa4aaa58aced70165673965bfc83be061a99a873414b9ad3dc50e8ea31908c5926daf96983066df0c353312188dfa2aa90a65a4f6375705de584e694ffe28a59209192c4f7e928f4904506a814070c888d9f57a7cf30fd854e6aac4d059d55160890a9c4a4acb2bf205cf473e9687279fa9a62858ed68c0d80f87ad6454f4aabe4382b6a0ea8899a9f26d958c89853045d069f4e7cde3a94bb5bcd1cf107b1b6328961865abbcd2595fbe3faa7ff352efa60181b2c2bf4e01fb0a0a2b1a61a0cf5b579355a3a66dfe6aeed2ca96d087c1783575d312c9d92cd6ab3b65732ce1d1505ee405be26ce5b4a62b3b5045e0a15467f65555238d169751655ccafaba0ab27f92bebccb53210c386afc71024c209747dce3c1fb630bcf4953406d9dd0d52f8e2c9a480896791b4bfceed1ca34c7ca307a8012770c23f3f72db1ae82ca1b6c846ff00b8d7d75bd60ce9a94bcc5b10ea6907b00c9d65aebea56dc78ee4706a3075d2c4307672ae4749f5118e94d6192a0029aea355fe2c1b195ccb1bd9e38a9ca0ef6d61548a9f6a2e729ebaaa394771f69a7fa12ab2b7555f1d704f1610f6e2d2b2b820496ed2129f30b0bc7821753d3de591626ca5949b88c6b9a5225fe98f78e9cccdd997293417e541bd8408418e7fb46bc232c6d477c745a67b41056fbc827490d7d703f4ff00c54db0b1a4090380424e30b95f34e4fdc0ff00fdd6cb2b1caf64aeb03dfd7ace6d9d931c8e6d82d958af7d9ef92491eaf7bfeb8df5b64faca8d4db53fd5a44f336da3322587eba3b03e15458cd7589ef723de729652a2a29324924af57c927fcefffc40036110002010303010604060103050000000001020300041105122131101332415161061420222330425271918115a1b1163340c1d1ffda0008010301013f00fac0ac50fa8d01447d43b0fd38ae3b402480064d323a6372914a8ce70aa4d046660807dc4e2a5d3aee28c48c8769e94473f49158a03eac56de3de8735c6707b154b10aa324f41506877723c0194e243c543a1c3617f0a4a37e76f00fad6b1a50bfbf16f6b105088bbb1c015a6e916da75e886e363ef42ca7391573f0f98e64b9ca323c8146c39ea78ad910be82c6e4234490fe10f7f7ad574cb98af597bac6e3c54fa55e5ba0778ce3b08ec2051ed1daa3b5f3b8f91adc7ceb381956af87acd67692e655fc3894b1fe0548cf2dc6976dd1c2ef7c790ab77179accf39ff00b76ea40abc33b451ac1f68b872f2cbd063a0e6b58748640aa1462111a91d581ea6be6ec564d387ccc7dc4499c79efc719aefe079ae9f7c52dc48d85fbb00274c29f5a805b1f948a799249e324a0272dd3a549a9cb702eed668f73bb858d71c2d5fe87a7c71772accd701371c0abed15ad6ca1ba072ae33da7b4567b0763484723915dea30c1a2281ad03e58e9e96c0e659d90607a0e4d5a9ef351d46e3ca14d8b561aa47651dd2b44ced29f234f75318846d33774bd133c0a6bf8d5c008c47ad7cf5b671be9591c654822949520a9208e4115fea37790c6405bf76d1bbfba4bc865be17c67eef00178fcc9031815716893d8fc8f79be401a54c74e792953466195a33e4688ac768158ec1d4574a9220fcaf5f3a3914188a071cd7c25776f6a5e798b1db9c0a4d5e685ae8c31aa77efbb9e4ad13d49fe4d5d5d161b53a7ad1e6bf9e454533dab82a7286a364951595b8356c2d5a268a7183bc32c8a3711ea0d5fc311779ad5505b8c018604ff0055a76a715b3833c25ca8c2b03cd6ae8a2e4c887706ec22b6d6dada288ac5014cce87a65686e99c08fc678c55be88254065e5bfa1577a06c04c4483e86a1b39a4b8ee4a9523c5ec2b4cb4b532c76eee6342300819e6af34d6b74b5b6540d70ece491e6055f3148997cc9c511b947f1d9b49adc81429e6a1bcee06d54257dcd2eb998d63785703a3639150dfc3390a793fd1a3186198ce7d8f5aca918740455c69d1ba99203450a9208c11456b6d62828a1439a391e5915a4c519bbdc082367f472293038a20118353db88d8b81d7ceaceea5b76db1ba26f232e5738ab79e19e3317cd2cf7411f63eddbd456b968d68d0c6de2eec33ff2694e0ed3478ebd68ee3d6b6935a7e8d757f968d3118eb2374a7d1a54804e1d3612475e78a86d1627de4e5a8120e453e1e3593186ce0fbd40b2c77384e636e715a92a2dc6148c9fa452d0156c44338900c791a86659541079a0735272b8a963d8723a569d77709f84973140a39cba8ad6eca1beb74b881bbd95d82129c8240ad1f41f9995a5b9e228db1b7cd8d1d1b4a239b44fecd5ce8da414764691197aaa1cd5ad9588b840eaee0b0032702afc4b0c4ad016509d150718a3f86eccd6ab2c922ee43d02f1cf1d8885b93c2fad3a31c023620e99a92610c6e62524852726a6b879e42ecdc9a8a72a4063f6d2ba3f84e7e8122a9fbb20d19635eac296447f0b03505d9b76009e0d5bdca4a0106b21860d32f5535058b4d2300781cd4335d58a3c3105657e848c153eb5a7c46d818db3f7f393eb408357d15cd9cf24b0a9314be833835636b34d3a1d842a9c9622997352daaca30e80fa60e2974ab6cf83fdea7f95d3e2dfb14bfe814eed23b3b1c92727b2e53bab8953d18d726937065e7cfb44fb4e1d0838a79b781c7193d6944126792a6bbb6cfda73cf18acb0f335a667e510fa93514f8e1bfba0c1860d2131b0643b581c834b2a5c28982e1d08deb4db650e47219011fe290878d187a55d4c6da23298cc807a70455bea7693a8cbec6f46aef213d254fee9ee2d63f14c9571ac411822152cdea6a69e4b872f2364f6eaabb6f5fdc0340d5b44a46f3db32e4783771476e3cf3d8090720d778de6723dc66b4f60d6b1903d7b2077dc100ce6a3b46da0b355cb5c58bc72c78c03cfbfb1ab6952641716fcafeb8fd0d0053f1611b91bc4941925042e0faa9abbd1c312d07da4fe934da75ea9c772e7f834d631db43bee242243d23144114013c004d3232f8948ecd5b9bc3c7e8158156f23a9d8ab91f43431b1c95a6b55f26c51b59074c1a68645eaa6b4a27e5ca9182add9a346925c1cf90a924fb8a44b961d4f90a9adda742b282c0d24d26997adb0e541c32fa8a8e689d1a78660a871c1f5a679655c98573e46a5d42fe06c6dc0fee86a57b3bac7deed0c71c50d3e3c659771f366a9b490f3c623e14f8aa2b3b7817ed5000ea6b549ed4c66353b9fb2fdb7de4a41e01c76090a2e17827a9a8246914920707b32338cd30047248fe0e29de450725c7be01af9897f70346e643e95a5dc93298db1caf1fe3b2da478a78d91883b80ab70bdcae3cf927de8ef9892a488fa0f7ad4ed235b7790a8de3a115042eca4962a87cbd6adef5a368e262593a0cf953c48e390083e74b616fdf06280051926818cf04be33c67a52c651c329e3cc56af7cc5cc31b600ebd92b88e3773d14134cc59998f9927b15598e1464d449dda05ec2a0f38e7d6a513e729d314669949cff00078a672fd401fc0ec8a43148920eaa7351c8b2a2ba9e186694ed607d0d43b9edf7c7921860e0d24f088d54b60818c55e6a11c19014b3b2e0647001a670a8013c0a790bb67faab4d565830aff0072d41796f779546018e383ed4573d40abbb85b68f03991b855152a4cca67753b59c8dde448ecd5ae36a0854f2dcb7f1d888646da2a18447c9f16307e960adc30069ed47553e54d0ba9c706b42f8724d4c97938415ff4aa4316db79f1ec471575657366fb668f1e87c8d68f7810985cf07a53c7d78c835a84322a978cfdca855bdd4d659b0b56fa44d32e59b6e7a0a9633148f19eaa714090720e0d26ab7c8bb44b5a75d5aa4c2e2e6e24ef79046ddc306b50b588c624c01691c1f8214f89dea799208da47e82a695e795a46ea4d2c4ecc1718351c6b18000e7d7ea201a78411f692a7dabba9f38df919af872358f4c4c0e49abfd72cec25589f2ce7c850ee353b505e23ddb8e0375a9ece486fdad51b2c1bed3d2a3bcbdb66105c472020790c9c52dcd84abc4db5bccbd45656a2e0cc8e8e073b41c806b93d18ff82056ad041180ea7f109e7b60b896d9fbc89b0d8c55a5ede5f4ca242afdd826318c7de785ad7f4b68e758f79908018e38eb42144380b839a000e83f2be199d65b029e68d5ad330d4e467e4acac7fdeacf5b8d348de30d2c40285ab09e6d4b5442dc932a9cff0015ae4df2d15bce8077a92fdb9f422ae6ea6ba7df2904f96000055adcb5aca1d7fc8a4bab3913bc3201eab57322c93bb2676e78ad2f4a4d411d8cfb761c1502b50b4f91b96877ee00020d3b15524296f615a2ea0d15fa33a13cf84525cd8de4f3c0230ce80eeca8e6b5481609c8c8dd93903f2fe1ed4fe46e4072763706be21d25ae8fce5ae1d1864eda8a1bd425114f35f0e68d35abfcccc3071c03d6b56b3b9d4a648d0848d07898f563573617b6b72b6e63de5ba629b49d415371b66c5695a5c1776f2c9296ceeda31fa69d19377dac403e95f0e4423b49a76e37b7fb2d5e595bdd59cfa89770ed965f4e0e05224506825de34dee840e39c93c568d62125bab878cbc90fdc10752d5797e6c2d25de9145732f920c145f7f735248d2b9663c9fcb0483915a6ebf7561f6e729e87a537c56bd52da257f5c558def77a6cd7d349bdc924ff00c015a44936ada91b9958958f2455ddc5bd94725e38dcde05ff00e5695a95deaad3302b1a2af185a82e65d3df5198b2b7e26c0a3c2ce4d5c5c81a434d3c6a19e3f07bb55c31b1d1628471248a13fcb56a91c82d2ceca25e1b1b8f900b5abac705b5a2348bb23fd3e6e40e2a7bebeb49de5562bde739048eb534f2cec59d893f9f06a33c113c592518608af86350b48a391246546622a7beb378e6b2bc73b44a59244e722b4ed46c12da782d996123c0efce4fa9abbbbb7430db23ef556259ba6e635a96a1a75c5bc1f8c48460ddd81d7d8d5cde59ea4d6ab0077957c2846141f563ed505cc77970b6cf23dc3272cde08c62af354d18dc3bcd1191e3fb467a1c56afa87cfdcb480003f35559d82a8c935169eec8ece718ab9b168153192c472292267902608352d8490902263b80cb54b0dc8da5f27341665ce030aee9f7287046e3d4d4d612242b22b9615a2dfae9d719990904118f634f7f1889e3b18040afe3918f26afad82302afbd8fa7351586e80cae715dc4b90361a96c962b61231fb8fe5e9b099252d9c051d69a68fbb425c6edc491ef465b7695d9c86cb0c7b0150988debb9230b8a7781b736e00b0507ff00745adda4dc594f3803c80140db91825465f9e3902afa58649214017a8ce295ed86d8b70d9807fcd5cc6d73728230383e54165450248e3c2f42d4ad6ace5f81c818ff00935de5b9088c4052c49f6e68cd00dcdb549000502b5297256357dca3f2e1ba9615654c60d16663926b737ee35935b9bf71adeffb8d6f6fdc7b3737a9a8ae258492adc9a7b99dfab9a0cc3a31adcdfb8d64fa9a249ffcff00ffc40034110002020103020404050304030000000001020003110412213141051013512022306123325271a1144042158191b13472d1ffda0008010201013f001043e43fb33e420fa048c40cadd0830b05ea40858052d9e3113554bb6d07999f8cfc44cdfcf4e267cc90a093d259afac07dbd447d6597d2707134ba93457bd8f597ea6cbebdc3230626b58a1ab9181de64fa6f6a64316e6693555fa3cb7495eb2976c03f40f9b1c4393d608a01136cc67a89e236ecc54a79306156f7ed9c08e3d3d3aaf7689b7712dcec185128048c9eed93365b8b8ec3b98ff136b054182100fe636ffc5655214c14aa1475380064fde53abbf76ee899c0e651ad365c6b61f448ccc662541b83c1829753c4da6626bb7ff52ee470998fc53527ea3932da4d8530d802611496c0cf730ea541c05244fea2ae9ba060c320ceb3d24c6310a15afd30b9f6312c296fab8c0c807ffb2b61622b0eff004393d0426556ece1fa76808238857273de100f13c66a72ea8b8e44342b6cdc49da274975d9e17a43e48ed4b02395315b728223ef0c197db054ca99b015c9dffb4b6a67042b633342d9aca9edf1e613116bb38ce1a102a43ea7e51ce65fe2e29722be07fccd2f8d8b08160065baaa928f5410c0f4fb99a9bad7dd61f99a577072ee49080097b62be3bc3c81e58ccc8031d6577fa630178835099c956112d4738524199c75832395329d63a10b640430041e0fc4d1707033833c46db0694ab020ee8fcf30120823acd3ea7d55084f23b4b115c648271da3ab29ddb0a264646658fea26e1d371020f6f2393310ed5c667a6a5b68273fb4ae908db89c9f21c36258c8f4e5bf389a12c6a39e80fc4f01e25fbada8d6791d44be96a98f1c42312afcd9ee255687183d65b5a1e4a331fb4a891bab71b5719199737a5fbc1aab6566d72329807a131e965466046402668adaef2d5da0127de5162d88552c602b62addcf9138808edc9889bdd431c0240955094d6154711e90412bd63232f51f01a998718316b73d16356ebf994cb74c2f5271ccd4695aa278e260a9c888fd1963ead52bdc41896d1ab01f2415ea26a08b46476e23294383d6696dab51522b91ea271fb89aabd29a9f2c371180260cab57a8a49da473d7227fa9ea8f64940d56adbe77213be388a02800741e5a77f528adfdd670236369e3b799a7772ac088b56d3d79c084dc9ecc26f5c7cc31c4c29ec26bfff0025c7b012ed3e72c9ff0010a95391379ce4f3100aad6fd360e0fde0cae01ec7066a10862d29a5350fb436c6967875a9d096fbc3a5b7da2e8ae6ed29f0ec1cbc44541851e7e1cdbb4a9f624432eb083b479d6707f3620cfdb1e5806145ec307ed35aa5750e09cf4f2ba95605ba19659456d86249ef89a54d3ea11c649cf6f68ead5135d9c8ff00179c30dafd7b19651621dc928f1364c2dea7ff0061175da661916ac1a97bacc227c83fccf9820f43e5e19c6947dd8cc9972291b89c1f8058ea300c179ee20bd0fb882c43fe53c480f5c30eebe5aa62b5f11a9419b1d885f61d4caf56296cd74e07be799b575542923a8c830a32915b26488d6d553852ed169a2c50720cfe9e9ac1609d236b354cf8ad768cca75ae2ab3d54f9d7f9965da8d437e66fd84d0d17d6c59d8ed3dbcb44bb34b5023b67c8a066cb7fb096a04200f2c1809062aa31180a7f89e8a7b1828413c46802b0eb9e1b9f2b143230233c4b7259818eaba7030a19cfbf41341a8b9edd8d8db89a8d4043b5402f2ca4de096501bdc406fd31e091ff51357a8b6bdb9c1271912c60df86b680fdfef12d74255c923fea6969017791d7cab4363aa0ee408a02a81ec3c890a324c77dec4f90244435630d05759e91542f73e5620b6b643d08962356ec8dd4187912c211fe7c0c47a8d849c64750651a6c8caf004442ce4e3e626575841896e992c8d4351fe3c47ab249594695ac7cb9f94758a547c83a81e5e1946e7369e8bc0f276083265966fe3b67e1048e445bcf71058a678878a7a07655d636b9ed7dd62926258960ca99aba770dc047a9d73b72567873ed5f4ace06ef92055524e259acaeb6da39398a77283efe474d4939db2dadcaec441b652ed9c75b0b7cdf60253535d62a2f532aad69ad517a086c50b98eece727e35b083f30066fa719dbce26ad8b6a1ccab4d6dc0b28e04f9aa7e0fcc22b86a839e988f4d4ff003a1597e92f72a47057a6259a9d525011d70c4e37456b074aff00dc82668dee618b079b22b8c308f5d752920119ebfb4f0dd5840c480b986d671d722124fd2d7214bda68141d3328ee312dd330d4153c0266a285d35039e70789a750e5d4f42bcc445418596d6b6a15611b476abe1198095a954507acbae359002e732a7f510363111433005809add2a8a3e53fb9856c4556ce019a1b19d083d074fa7e25a6362ef5eb341ab14935bf12cb34af866335dab179dabd04a2d5a4162324f6896536565f2560bea271bc4bae64750bed98b86206409aa6cb851d844b191d6a006071092da9001381355a82eb5560e148c665549bed50a4951ef2b45ad4281f4c80460cd4f86a5a72b07855bdd8e3f796579b854a30009a945d3541075222235856b13514269f0a465bbf31905a2a1c8e33117f1c2a93807ac4fc4d4337607329237d9619412cee71c9fe253a7d3de817bacaa94a46147d7b7475d8e1c706788d168b380488b55bb96ca873800832ea6ede8d60273d44aa8b1d1ecc63894d572bb8dbc9ef12b7a4397c01dcf78ca6b42e004cf41d4cae8d4950138066874c684f9ba9faacca8a598e00966b8065083328d58b59b76008f62a565f3912bd62599f5546ded2ab74fc84c085aa6c64a99ea26d62a41da3a0956b15ac2ac8166ba83a840d5907105677036b6e23a013477920ab285512cd6edb4220044f5aac677895eadecbf601f2fd3d7da1502773056e58e14e3136d8140031812c0e34a8a01e49302bf031d3330e060033f133c03d26952d44b5f9e90ad872d8e65162d34b97cf332a4e54b73ed08b40c7336bf2467204d961c0e6686bfcce5707e9dba7aed60cd9c8815546009b57f4898136afe91362fe9136afe91e5b57d84b28aed0030e9134f4a7448554f55136afe91303d84c01fdfff00ffc4003d100002010303020402080405030500000001020300041105122131411322516110320614202342527181303362c12443728291151640537393a1b1ffda00080101000a3f00cfc3a7c78ffc7e9f68b331c00a324d49113d370c669e4603908a4d378cf20408783b8f18ab5b8922fe6c3049be54ff0052d1561c107820fdbe873f6b15e51d0d633f16791d82aa8ea49ab658ed13c4bc48db73c63b0fd4d3db4f1c73289ae3ce2248f1e7fd5b381531125f48f07e399d7a154abdb6f0ef916e4c8009994f4095771eab6964d3b8b85d885e05c9638e86ae61bdb9d487d7a4c82447e887d375433c72c28b70c0ed31caa3cc64ab4bc3102648e093738c7b7dbe28715c7c327e1c66b23dfb573583eb43ebb7f70b65619fc0d270f27fb056eb7798dadaeff3788e4ed26b179ab4c864ff0043738a133e8f6e96ba7d8637b190aef7213b924d484c9a8bddce8f9548590f9106ea9cea77f7015642ca14dbeecb043dc9abbb4d26d210d3aaa2c924976086df345d7c3ab9b3d36ed123b8648ca44c7772ea3f083421b7b5b433de4a1f2f3f94362b4f8f469ae7c049388650e7f21fc4d5702ef4ac19c4bd244ee57ed75fb3c5723a035b4fad034a34ed2f4a925f149e1a79570303f3561efee85d4fefbcd4105c69e8a1ad12369e62dc101513b9c569bf45ec0a61f53bf850deb8c75d9d5735f483578c7125c3de35a8c1ee90c6401fbd6bb205f964679b02b56b77e9e35b5d9deb4f7f16d3bad3544f1c49ec49ab9b2b272505cd94d24f6433df61256a1d52077716f7b1b2948d5db7ef97ba3ad1b7d3aec269b76ae7ef76ff002c5c7e9bb8359d8de56fcca7a1fb22b9c7c41a38f5f8023e10c31fd750ddcb3c9b238625e7764d6a73d868919b68f50216282f083d57bd411dccabbae2edc02db5063a9adba5c4e092e30f3b0efecb400f415e1c9d987f71dc57857b11db3c39f24ca3f0b7b1ec6bc785c10d1c6e0491bafccac1f1c8a508f6cf0cfa66a3fe1e3949f95a3697084d5ce9df499c4b3c96a6271653a839d81b1b29744d7524dd79a6dc0c453b779206f7ee2a44792d8472a1e76b47c7515d057142b9a06867d2b8f5afda8628bc9230554ab9d4eee3e27101090c4df9727a9a9ec2f8ff002edaf31b65f649051b7f0b2d70efc08a35eac68ffda3a24c0c89bbc237ec87ce6bea5a1585adac10db6dc246cdd6885bfb95dfef128dd5c0739fd1ab228963d1472c69602d8ea72dc55bcc972559e2705577afe218a120988f1a34badd1bf6f91d456a1a0decef886de551359caff94a64d43a46bd64e0e99aec20c9632b8e91cfdd4352e97af5a26f96c66027b2ba85ba4d0ff49a5d275590130287df657b8ffd193b1f634d1c91b15743d411f0cfc403efdab241e6bf7ec2b3341a35c4911fc8db95777ec0d64c837e4f763c93fbd654fec41f507b1a8edafae1e38e2bf9073776a0f9a166ed201571341a7db9586da294a094f72d8c658d4fa4e84d756c6eedbc7128611b83b88a3f554d46eede038c654042a6b2c07980ee28aa7771fda87bb13e635b8fa0ac28ea476153bdd78314ac935bb08f122860438342e658093042ab8447fcf4934322ed78dc02ac3dc1a795b44b24d5f4b24ef96da232049ad1cf785c1a43f476ef4d7be8dddc6eb2bc4ed1f756dd452f2eb4c437191824af0acdee47d9cd719c1f817b69a36b7b85f58a4eb5e258ccc5ec2f1794910f2109eccb5871f30adb99879c7cc84720a9ec682ea702795fb5ca0fc43deaff0053964c218ada57c2e3bedce2869d690c2f7b6925d0d92c0fb80435e1bc7b4b6c6e2557e55d4fe5228803dcd189afa42b03ca76c479c7cc6a295e28bc4f0a38f008a80e9b77063c5909021900ce01f7a9ec6d6ca5227002bbce8ee444564c1c271f0379a94ab986d1180ff7c8df8107734ff48b5dd44917cb68998507ca21de7858d6ade2934eb57d42dbe8dda67eaab83906694e4cb2502cdc051d11474503d0561bf5eb58fb0319eb44d115f5bd2a7c09213d633f9d3d0d1bdd21cfdd5e2fcd0ff44e2b059791fdc5347344e1e09d38e477148fac905252ede15b80bf8f7549637b648b2a2c0e668afe207e48f7670d9a8ed4344890449d1513e507deb28d91cd088d9ce24b398f00c7bb718f3514d3dc47e1224677615b824d2ba150ae8c321855d59c857690a77a6df4dad91570c08ed044a7fe7153cb3dcb7897b712c864089dde4cf53e8282430a05000eb8ee7dcd616798d85d7f589784afe5cec3f63cfc33c1e3e208cf3473c1e2830a238e7342bc31a9eb134772846e49a2e01471dc53cb663cd2d98e5e1f787d452ba9e031e84fbfa1af0f0c591c7255bd6b371a7c9b9a3eb98cf75f6adc1e10e847aad70c836e3b1ee2ad91276da924d90bbbb29c773522aa9e2480192323d72b4ea7d08abbb97fcb142cdffe0a5d2ed3f1bc8434a47b28a3963ba599f99256f563f0fbcb3d5ede6535ccf6b04a7f565f8606393f10a723a8e0d0c7ae7e38fd0e2b84d6a756fdd87c21b19e3064b856e20b81fd9ea1484fc8d70d827f4a5b6bd8a32f0c88772483be0f71ed451c13e35b74073d4a51789ce5e2e8437723de806ee0f0685fdbf004991e328f439eb5e060721e220e7f6150cb06e512de3a12b128ea4915bb1c13ee2a2823fcf23841ff0026adee0afcde0c8ae57fe2be7bc810572ba6db03fb2fc36903afafd90688a1597d235f89f23b2bd6639a35910faab0c8a22d66b97797d1da35caa9a59255e0bb1c4718f7a26ea324c4027ddab7a563504764603a36c38ff8a3139703c32bbb736391b4739a8b03a393866ff48abc7bafc70965b778cfa6c6cd5fdfbdac264114b3f909f70a054f0a101fc2b4904112679c2800938f73475033203a7cd36331b7461315ec2beb52f5324ed941eca838029ed2ca0f104f75b3c149d0a90102f7acbdeeb70b94ee634aca46cb1afe8800f86401c2d1e477f81c1a07f519a8db8e992a69867be689e6b9d42c58c3bba2cb17208a22ef4f26ca743d54c3c0aded0db493c27ba4912960c0d027e673fd5df34f059a1c622e1e53faf6153233cbb1e391b7647e6a8124489a392ea741260fac79e847ad5c5c86769274d995009cb382bd00a532632b2a1d920fd19706af65d38c399a095c3641e8bb8f38a9ded49cc6cdcaa2f638f4a48a6c0cede12443ea3b1af16d2098c76703f2923a70d2350000c00060002b758fd15d3e424f6facbf1b6b991d9cfee73f000571d07c38f4ed5c935ee30698fea73f0f3c5206158d03e95812239f921bbaf2cd13c67f4718a733433cb0488a70c194fa77068c522aed6465e72294476b1b06965e39c6ed91a7a914f2bc98f0e15eacc7b37b0ef493df5ca62ea5232b83fe5aff00452dacae72d652f30b1fe8fc953db36001211be17d87b38a20818caf231423f2e67b97e22b587bbb7f615e6b4b38dcc67e7da780cfee4d032aa6cb68fbbccdc28a3ff56d726fafea249e550f2887e3e5c823ec918ee2ba9a22a49deeb3f53b38ced2e07e373d85186c449be27b497ef617fcebba86a125b809e2b2ec9ca0e01957f351faa5d6d4bcc7f9728f965a8c4cb821980c3566cef8c124a73e5b6ba8c911b93e8d514134e0b4d29380a3a9c7651dcd2ddc31f5b89e4f0964ff00db14d1adcc41ca375527b52c88e36b23004107d41ab9814b12628a6654ab24b12c9209c4fe1ca654eedf9a9e4d7ef354c6a2f2ae4436d6e2a6b4fa3ff47a622d2d651b4de5cf66af348dd3b28ec0564671c77ae3b0fb61c7b8ac1660bd3d4d7dddad8411463db19ab5b38657d96e6724199bfa00a8c5ddabe1da124a67bab50ff13a63dccd6e54b83146c124c0ee016ab792c1a4c7d56693618cb744576abd649b89b3199b7ffba3dd53a5927981b8478e69a35e91371e655a38cfcb13ac6054b73a5a59b332c9e716ee0f0037c634b188892491dca0c8a9ec3489a78ad44ee4992e2de23e24eeb9e808e2a55105ccb09b50c0a845e8f4c8e84ab230da41f7144ff0790411598afb4d88eeedbe3f2b0afb9b7d32da6450782c0e4d37fd275357bb33a0c9040dcf1fb35470dae89a7cb0d8ce49f157c70632adfeacd5c5cd98d2f7cd6f07f31cac8bb4a7f50a7b39d88df6f7eecb2ee1f9b7d462eadcf8b69728410927a1f63570d7aa76f84202e1fdd197822a186ecc79942280c3d0391d48a1389949598c985caf515717ba96a0f3471c287ee90c38e5dea4d49e3f3db6896676c0becd50d96d837da22a6c8e1587aa1a920b5ba7060d92b0d8c7cc372d3a5c5e47f788fc6f0807de63f86ab7b0399f4d77ee7f14542c759d3a565b4371e512a1eb131a8e181ff1c9229894fe75346eeeae27596fee93f9594fc0b57325ede3292b6cb968628fa1663c0cd69d73601996eae263f55b9b77f7298df5aae9cc4e1516e09869f527d9f589aeaebccd364f11a7a0ad604121f163b2b57025456e7655d4e2d612e5ee5f7ccf2dd1fc756cd6f114865600ef25d7c4639ab816f6d3a33af88760589417a8213f492fa6f1eff6f921b5639dab57b75f47f4a1b95ee9814bbba1c2ac2b81c0ac963845ec883a28fe1b23a30656538208ee29cdc22854d42db89703f38fc55ac5c43da0d840fd0d0b5b45813c33eaac37bc84f7a58a2bbb836b148479e758fe794d7816e81aea727e551804c8c3bf1571786ee56f34ae63631a7e3502a683fc178f24af833c502a60027d58d4f2456d7a09b827931c272d922b75ad9cb25cb7e9070a286f84c8618fabbbca4f0a3d401529babddc04f8fbbb65918972c6b4cd4348044568b2aeff0009e11b48a548621886de31b228c7b01fc78ef1ecc1faace4ed962c8c6dcf714255b65992e2d20e5a1776ddc2d5b4725cd82c175637ff0073ca008fd69357b642b1cf6fa711b6dd50ff002a3a8edaff0051510c50070c2ce141e41211dd8d5bc02e22787ebf34c02441cfceb56d069f381e35da389279133f24217bc99ab6d262b81e1410926e6ed849fd4df2122acb4bb6b94f1e40f208e440fdda9ae60b267925b96ff367979623f8a649a4385514d15dde1905b4300126153ac8e6aeaf8c578f693111e55d9382e98ed4f04aef8937a906351c9241a9edcb4f241be79445e394e3747535f39631fddb998c6df95b1d2b518403b64d88e2a5b53792a2acd3f4f31ea4d5edc6a16118924b59948134678df0f622a4d36f1ee62bab392753b5d978da6a6d66ead8036da7d9c4d2229eccf5aa437b7174d11b3b91be4654e37284ce1455d26a7756b2dc2c689e5b78d3a349fad5cef70597cbc1153b6a3a7410493dc6e022f1263c4407f0da45502cade1070679ae38d80d436b61f54b7b2b29dae01658557cd0c60f3b99bab51b06b6b3b969d5254dd2dc487680a7f7dd50bdfae976b60ae5c654cdc4b213eaa29dedeca4bc920691d14788b18583fda496357699b77baba91a54f1a6bb95bcc9919c2ad5dc86d34f7480bcc9e15c4fb028f113b1ee29ee65bdd585cba5cc81de15ee1c8e1779a2baa2192d20844a83168f203987f6a090e970b5cdf5d5d10cf1798305602be9089ef1b7cb0e9a98577c6324caa00a7be2219e66bb12209bae12d8b7af7635336a3158c50406591765da0847976fe60fc9aba8ad279e7b8bd9a5991dd3272b171f8d8d476b3dd4b25ddf40afe2378830aa59bf87672a2dc78f1b4f19668e4c6372e08a91dda4321258fccc7248a9ff00f91a9d58f520904d5c36318cc8c7a55c860720895aae79393f7adc9a6673c962726a7dea301b7b640a8a74b8dbe2a5c2f8aac57a139af0213fe5dba8897ffaa9d0825bcb230e4f7ab86604904c8c4826a520b6e2379e4fad33b1eacc727ff3ff00ffd9, 2);

-- --------------------------------------------------------

--
-- Estructura de tabla para la tabla `usuarios`
--

DROP TABLE IF EXISTS `usuarios`;
CREATE TABLE IF NOT EXISTS `usuarios` (
  `id_usuarios` int(11) NOT NULL AUTO_INCREMENT,
  `nombre` varchar(20) COLLATE utf8mb4_unicode_520_ci NOT NULL,
  `apellidop` varchar(10) COLLATE utf8mb4_unicode_520_ci NOT NULL,
  `apellidom` varchar(10) COLLATE utf8mb4_unicode_520_ci NOT NULL,
  `correo` varchar(45) COLLATE utf8mb4_unicode_520_ci NOT NULL,
  `telefono` varchar(14) COLLATE utf8mb4_unicode_520_ci NOT NULL,
  `contrasena` varchar(45) COLLATE utf8mb4_unicode_520_ci NOT NULL,
  `promos` int(11) NOT NULL,
  `realizadas` int(11) NOT NULL,
  `visitados` int(11) NOT NULL,
  PRIMARY KEY (`id_usuarios`),
  UNIQUE KEY `telefono_UNIQUE` (`telefono`),
  UNIQUE KEY `correo_UNIQUE` (`correo`)
) ENGINE=InnoDB AUTO_INCREMENT=5 DEFAULT CHARSET=utf8mb4 COLLATE=utf8mb4_unicode_520_ci;

--
-- Volcado de datos para la tabla `usuarios`
--

INSERT INTO `usuarios` (`id_usuarios`, `nombre`, `apellidop`, `apellidom`, `correo`, `telefono`, `contrasena`, `promos`, `realizadas`, `visitados`) VALUES
(1, 'Cinthia Paola', 'Vazquez', 'Lerma', 'cinthia-vazquez@outlook.es', '6144060782', '1234', 2, 5, 1),
(2, 'Alejandra', 'Ruelas', 'Najera', 'aleruelas@outlook.es', '6142170537', '1234', 1, 4, 7),
(3, 'Francisco Javier', 'Ramirez', 'Luna', 'francisco@outlook.es', '6143641752', '1234', 0, 6, 2),
(4, '', '', '', '', '', '', 0, 0, 0);

--
-- Restricciones para tablas volcadas
--

--
-- Filtros para la tabla `cupones`
--
ALTER TABLE `cupones`
  ADD CONSTRAINT `restaurante` FOREIGN KEY (`id_res`) REFERENCES `restaurantes` (`id_res`) ON UPDATE CASCADE;

--
-- Filtros para la tabla `favoritorec`
--
ALTER TABLE `favoritorec`
  ADD CONSTRAINT `recetas` FOREIGN KEY (`id_rec`) REFERENCES `recetas` (`id_rec`) ON UPDATE CASCADE,
  ADD CONSTRAINT `usuarios` FOREIGN KEY (`id_usuario`) REFERENCES `usuarios` (`id_usuarios`) ON DELETE CASCADE ON UPDATE CASCADE;

--
-- Filtros para la tabla `ingre_platillos`
--
ALTER TABLE `ingre_platillos`
  ADD CONSTRAINT `id_ingre` FOREIGN KEY (`id_ingrediente`) REFERENCES `ingredientes` (`id_ingrediente`) ON UPDATE CASCADE,
  ADD CONSTRAINT `id_plat` FOREIGN KEY (`id_plat`) REFERENCES `platillos` (`id_plat`) ON UPDATE CASCADE;

--
-- Filtros para la tabla `ingre_recetas`
--
ALTER TABLE `ingre_recetas`
  ADD CONSTRAINT `id_ingrediente` FOREIGN KEY (`id_ingrediente`) REFERENCES `ingredientes` (`id_ingrediente`) ON UPDATE CASCADE,
  ADD CONSTRAINT `id_recetas` FOREIGN KEY (`id_rec`) REFERENCES `recetas` (`id_rec`) ON UPDATE CASCADE;

--
-- Filtros para la tabla `platillos`
--
ALTER TABLE `platillos`
  ADD CONSTRAINT `catplatillos` FOREIGN KEY (`id_cat`) REFERENCES `categorias` (`id_cat`) ON UPDATE CASCADE,
  ADD CONSTRAINT `resplatillos` FOREIGN KEY (`id_res`) REFERENCES `restaurantes` (`id_res`) ON UPDATE CASCADE;

--
-- Filtros para la tabla `recetas`
--
ALTER TABLE `recetas`
  ADD CONSTRAINT `categorias` FOREIGN KEY (`id_cat`) REFERENCES `categorias` (`id_cat`) ON UPDATE CASCADE;

--
-- Filtros para la tabla `restaurantes`
--
ALTER TABLE `restaurantes`
  ADD CONSTRAINT `colaborador` FOREIGN KEY (`id_col`) REFERENCES `colaboradores` (`id_col`) ON UPDATE CASCADE;
COMMIT;

/*!40101 SET CHARACTER_SET_CLIENT=@OLD_CHARACTER_SET_CLIENT */;
/*!40101 SET CHARACTER_SET_RESULTS=@OLD_CHARACTER_SET_RESULTS */;
/*!40101 SET COLLATION_CONNECTION=@OLD_COLLATION_CONNECTION */;
